-- phpMyAdmin SQL Dump
-- version 5.1.3
-- https://www.phpmyadmin.net/
--
-- Servidor: 127.0.0.1
-- Tiempo de generación: 17-07-2022 a las 23:16:04
-- Versión del servidor: 10.4.24-MariaDB
-- Versión de PHP: 7.4.28

SET SQL_MODE = "NO_AUTO_VALUE_ON_ZERO";
START TRANSACTION;
SET time_zone = "+00:00";


/*!40101 SET @OLD_CHARACTER_SET_CLIENT=@@CHARACTER_SET_CLIENT */;
/*!40101 SET @OLD_CHARACTER_SET_RESULTS=@@CHARACTER_SET_RESULTS */;
/*!40101 SET @OLD_COLLATION_CONNECTION=@@COLLATION_CONNECTION */;
/*!40101 SET NAMES utf8mb4 */;

--
-- Base de datos: `Portfolio`
--

-- --------------------------------------------------------

--
-- Estructura de tabla para la tabla `domicilio`
--

CREATE TABLE `domicilio` (
  `id_domicilio` int(11) NOT NULL,
  `calle` varchar(50) DEFAULT NULL,
  `numeración` int(10) DEFAULT NULL,
  `tipo_domicilio` varchar(15) DEFAULT NULL,
  `idPersona` int(11) NOT NULL,
  `idLocalidad` int(11) NOT NULL
) ENGINE=InnoDB DEFAULT CHARSET=utf8mb4;

-- --------------------------------------------------------

--
-- Estructura de tabla para la tabla `experiencia_laboral`
--

CREATE TABLE `experiencia_laboral` (
  `id_laboral` int(11) NOT NULL,
  `Cargo` varchar(45) NOT NULL,
  `Institución_laboral` varchar(45) NOT NULL,
  `Descripción` varchar(200) NOT NULL,
  `Fecha_de_inicio` year(4) NOT NULL,
  `Fecha_final` year(4) DEFAULT NULL,
  `Trabajo_actual?` tinyint(4) NOT NULL,
  `idPersona` int(11) NOT NULL
) ENGINE=InnoDB DEFAULT CHARSET=utf8mb4;

--
-- Volcado de datos para la tabla `experiencia_laboral`
--

INSERT INTO `experiencia_laboral` (`id_laboral`, `Cargo`, `Institución_laboral`, `Descripción`, `Fecha_de_inicio`, `Fecha_final`, `Trabajo_actual?`, `idPersona`) VALUES
(1, 'Empleado', 'Dirección de Capacitación', 'Organización de talleres. Planificación de capacitaciones.', 2012, 2016, 0, 2),
(2, 'Director de Políticas de Apoyo Emprendedor', 'Ministerio de Producción', 'Coordinación y ejecución de Programa Jóvenes Emprendedores', 2016, 2020, 0, 2),
(3, 'Director General Desarrollo Emprendedor', 'Ministerio de Producción', 'Coordinación de Politicas de Apoyo Emprendedor', 2020, NULL, 1, 2);

-- --------------------------------------------------------

--
-- Estructura de tabla para la tabla `formacion`
--

CREATE TABLE `formacion` (
  `id_formacion` int(11) NOT NULL,
  `Institución` varchar(45) NOT NULL,
  `Título` varchar(45) DEFAULT NULL,
  `año_inicio` year(4) DEFAULT NULL,
  `año_final` year(4) DEFAULT NULL,
  `es_actual` tinyint(4) DEFAULT NULL,
  `idPersona` int(11) NOT NULL,
  `idNivelFormacion` int(11) NOT NULL
) ENGINE=InnoDB DEFAULT CHARSET=utf8mb4;

--
-- Volcado de datos para la tabla `formacion`
--

INSERT INTO `formacion` (`id_formacion`, `Institución`, `Título`, `año_inicio`, `año_final`, `es_actual`, `idPersona`, `idNivelFormacion`) VALUES
(1, 'Rivadavia', NULL, NULL, NULL, NULL, 1, 2),
(2, 'Nacional', 'Humanitario', NULL, NULL, NULL, 1, 4),
(3, 'UNR', 'Medicina', NULL, NULL, NULL, 1, 6),
(4, 'Medalla Milagrosa', NULL, NULL, NULL, NULL, 2, 2),
(5, 'ENET', 'Tecnico', NULL, NULL, NULL, 2, 4),
(6, 'UNER', 'Trabajo Social', NULL, NULL, NULL, 2, 5);

-- --------------------------------------------------------

--
-- Estructura de tabla para la tabla `habilidades`
--

CREATE TABLE `habilidades` (
  `id_habiliades` int(11) NOT NULL,
  `trabajo_grupal` int(11) NOT NULL DEFAULT 0,
  `creatividad` int(11) NOT NULL DEFAULT 0,
  `organizacion` int(11) NOT NULL DEFAULT 0,
  `nivel_ingles` int(11) NOT NULL DEFAULT 0,
  `idPersona` int(11) NOT NULL DEFAULT 0
) ENGINE=InnoDB DEFAULT CHARSET=utf8mb4;

-- --------------------------------------------------------

--
-- Estructura de tabla para la tabla `localidades`
--

CREATE TABLE `localidades` (
  `id_localidad` int(11) NOT NULL DEFAULT 0,
  `nombre_localidad` varchar(80) DEFAULT NULL,
  `provincia_id` int(11) NOT NULL
) ENGINE=InnoDB DEFAULT CHARSET=utf8;

--
-- Volcado de datos para la tabla `localidades`
--

INSERT INTO `localidades` (`id_localidad`, `nombre_localidad`, `provincia_id`) VALUES
(1, 'Alberti', 6),
(2, 'Coronel Seguí', 6),
(3, 'Mechita', 6),
(4, 'Pla', 6),
(5, 'Villa Grisolía', 6),
(6, 'Villa María', 6),
(7, 'Villa Ortiz', 6),
(8, 'Almirante Brown', 6),
(9, 'Avellaneda', 6),
(10, 'Ayacucho', 6),
(11, 'La Constancia', 6),
(12, 'Solanet', 6),
(13, 'Udaquiola', 6),
(14, 'Ariel', 6),
(15, 'Azul', 6),
(16, 'Cacharí', 6),
(17, 'Chillar', 6),
(18, '16 de Julio', 6),
(19, 'Bahía Blanca', 6),
(20, 'Cabildo', 6),
(21, 'General Daniel Cerri', 6),
(22, 'Balcarce', 6),
(23, 'Los Pinos', 6),
(24, 'Napaleofú', 6),
(25, 'Ramos Otero', 6),
(26, 'San Agustín', 6),
(27, 'Villa Laguna La Brava', 6),
(28, 'Baradero', 6),
(29, 'Irineo Portela', 6),
(30, 'Santa Coloma', 6),
(31, 'Villa Alsina', 6),
(32, 'Arrecifes', 6),
(33, 'Todd', 6),
(34, 'Viña', 6),
(35, 'Barker', 6),
(36, 'Benito Juárez', 6),
(37, 'López', 6),
(38, 'Tedín Uriburu', 6),
(39, 'Villa Cacique', 6),
(40, 'Berazategui', 6),
(41, 'Berisso', 6),
(42, 'Hale', 6),
(43, 'Juan F. Ibarra', 6),
(44, 'Paula', 6),
(45, 'Pirovano', 6),
(46, 'San Carlos de Bolívar', 6),
(47, 'Urdampilleta', 6),
(48, 'Villa Lynch Pueyrredón', 6),
(49, 'Asamblea', 6),
(50, 'Bragado', 6),
(51, 'Comodoro Py', 6),
(52, 'General O\'Brien', 6),
(53, 'Irala', 6),
(54, 'La Limpia', 6),
(55, 'Juan F. Salaberry', 6),
(56, 'Olascoaga', 6),
(57, 'Warnes', 6),
(58, 'Altamirano', 6),
(59, 'Barrio El Mirador', 6),
(60, 'Barrio Las Golondrinas', 6),
(61, 'Barrio Los Bosquecitos', 6),
(62, 'Barrio Parque Las Acacias', 6),
(63, 'Campos de Roca', 6),
(64, 'Coronel Brandsen', 6),
(65, 'Club de Campo Las Malvinas', 6),
(66, 'Gómez', 6),
(67, 'Jeppener', 6),
(68, 'Oliden', 6),
(69, 'Posada de los Lagos', 6),
(70, 'Samborombón', 6),
(71, 'Los Cardales', 6),
(72, 'Barrio Los Pioneros (Barrio Tavella)', 6),
(73, 'Campana', 6),
(74, 'Chacras del Río Luján', 6),
(75, 'Río Luján', 6),
(76, 'Alejandro Petión', 6),
(77, 'Barrio El Taladro', 6),
(78, 'Cañuelas', 6),
(79, 'Gobernador Udaondo', 6),
(80, 'Máximo Paz', 6),
(81, 'Santa Rosa', 6),
(82, 'Uribelarrea', 6),
(83, 'Vicente Casares', 6),
(84, 'Capitán Sarmiento', 6),
(85, 'La Luisa', 6),
(86, 'Bellocq', 6),
(87, 'Cadret', 6),
(88, 'Carlos Casares', 6),
(89, 'Colonia Mauricio', 6),
(90, 'Hortensia', 6),
(91, 'La Sofía', 6),
(92, 'Mauricio Hirsch', 6),
(93, 'Moctezuma', 6),
(94, 'Ordoqui', 6),
(95, 'Santo Tomás', 6),
(96, 'Smith', 6),
(97, 'Carlos Tejedor', 6),
(98, 'Colonia Seré', 6),
(99, 'Curarú', 6),
(100, 'Timote', 6),
(101, 'Tres Algarrobos', 6),
(102, 'Carmen de Areco', 6),
(103, 'Pueblo Gouin', 6),
(104, 'Tres Sargentos', 6),
(105, 'Castelli', 6),
(106, 'Centro Guerrero', 6),
(107, 'Cerro de la Gloria', 6),
(108, 'Colón', 6),
(109, 'Villa Manuel Pomar', 6),
(110, 'Pearson', 6),
(111, 'Sarasa', 6),
(112, 'Bajo Hondo', 6),
(113, 'Balneario Pehuen Co', 6),
(114, 'Pago Chico', 6),
(115, 'Punta Alta', 6),
(116, 'Villa General Arias', 6),
(117, 'Aparicio', 6),
(118, 'Marisol', 6),
(119, 'Coronel Dorrego', 6),
(120, 'El Perdido', 6),
(121, 'Faro', 6),
(122, 'Irene', 6),
(123, 'Oriente', 6),
(124, 'Paraje La Ruta', 6),
(125, 'San Román', 6),
(126, 'Coronel Pringles', 6),
(127, 'El Divisorio', 6),
(128, 'El Pensamiento', 6),
(129, 'Indio Rico', 6),
(130, 'Lartigau', 6),
(131, 'Cascada', 6),
(132, 'Coronel Suárez', 6),
(133, 'Curamalal', 6),
(134, 'D\'Orbigny', 6),
(135, 'Huanguelén', 6),
(136, 'Pasman', 6),
(137, 'San José', 6),
(138, 'Santa María', 6),
(139, 'Santa Trinidad', 6),
(140, 'Villa La Arcadia', 6),
(141, 'Castilla', 6),
(142, 'Chacabuco', 6),
(143, 'Los Angeles', 6),
(144, 'O\'Higgins', 6),
(145, 'Rawson', 6),
(146, 'Barrio Lomas Altas', 6),
(147, 'Chascomús', 6),
(148, 'Laguna Vitel', 6),
(149, 'Manuel J. Cobo', 6),
(150, 'Villa Parque Girado', 6),
(151, 'Benitez', 6),
(152, 'Chivilcoy', 6),
(153, 'Emilio Ayarza', 6),
(154, 'Gorostiaga', 6),
(155, 'La Rica', 6),
(156, 'Moquehuá', 6),
(157, 'Ramón Biaus', 6),
(158, 'San Sebastián', 6),
(159, 'Andant', 6),
(160, 'Arboledas', 6),
(161, 'Daireaux', 6),
(162, 'La Larga', 6),
(163, 'Salazar', 6),
(164, 'Dolores', 6),
(165, 'Sevigne', 6),
(166, 'Ensenada', 6),
(167, 'Escobar', 6),
(168, 'Esteban Echeverría', 6),
(169, 'Arroyo de la Cruz', 6),
(170, 'Capilla del Señor', 6),
(171, 'Diego Gaynor', 6),
(172, 'Parada Orlando', 6),
(173, 'Parada Robles - Pavón', 6),
(174, 'Ezeiza', 6),
(175, 'Florencio Varela', 6),
(176, 'Blaquier', 6),
(177, 'Florentino Ameghino', 6),
(178, 'Porvenir', 6),
(179, 'Centinela del Mar', 6),
(180, 'Comandante Nicanor Otamendi', 6),
(181, 'Mar del Sur', 6),
(182, 'Mechongué', 6),
(183, 'Miramar', 6),
(184, 'General Alvear', 6),
(185, 'Arribeños', 6),
(186, 'Ascensión', 6),
(187, 'Estación Arenales', 6),
(188, 'Ferré', 6),
(189, 'General Arenales', 6),
(190, 'La Angelita', 6),
(191, 'La Trinidad', 6),
(192, 'General Belgrano', 6),
(193, 'Gorchs', 6),
(194, 'General Guido', 6),
(195, 'Labardén', 6),
(196, 'General Juan Madariaga', 6),
(197, 'General La Madrid', 6),
(198, 'La Colina', 6),
(199, 'Las Martinetas', 6),
(200, 'Líbano', 6),
(201, 'Pontaut', 6),
(202, 'General Hornos', 6),
(203, 'General Las Heras', 6),
(204, 'La Choza', 6),
(205, 'Plomer', 6),
(206, 'Villars', 6),
(207, 'General Lavalle', 6),
(208, 'Pavón', 6),
(209, 'Barrio Río Salado', 6),
(210, 'Loma Verde', 6),
(211, 'Ranchos', 6),
(212, 'Villanueva', 6),
(213, 'Colonia San Ricardo', 6),
(214, 'General Pinto', 6),
(215, 'Germania', 6),
(216, 'Gunther', 6),
(217, 'Villa Francia', 6),
(218, 'Villa Roth', 6),
(219, 'Barrio El Boquerón', 6),
(220, 'Barrio La Gloria', 6),
(221, 'Barrio Santa Paula', 6),
(222, 'Batán', 6),
(223, 'Chapadmalal', 6),
(224, 'El Marquesado', 6),
(225, 'Estación Chapadmalal', 6),
(226, 'Mar del Plata', 6),
(227, 'Sierra de los Padres', 6),
(228, 'General Rodríguez', 6),
(229, 'General San Martín', 6),
(230, 'Baigorrita', 6),
(231, 'La Delfina', 6),
(232, 'Los Toldos', 6),
(233, 'San Emilio', 6),
(234, 'Zavalía', 6),
(235, 'Banderaló', 6),
(236, 'Cañada Seca', 6),
(237, 'Coronel Charlone', 6),
(238, 'Emilio V. Bunge', 6),
(239, 'General Villegas', 6),
(240, 'Massey', 6),
(241, 'Pichincha', 6),
(242, 'Piedritas', 6),
(243, 'Santa Eleodora', 6),
(244, 'Santa Regina', 6),
(245, 'Villa Saboya', 6),
(246, 'Villa Sauze', 6),
(247, 'Arroyo Venado', 6),
(248, 'Casbas', 6),
(249, 'Garré', 6),
(250, 'Guaminí', 6),
(251, 'Laguna Alsina', 6),
(252, 'Henderson', 6),
(253, 'Herrera Vegas', 6),
(254, 'Hurlingham', 6),
(255, 'Ituzaingó', 6),
(256, 'José C. Paz', 6),
(257, 'Agustín Roca', 6),
(258, 'Agustina', 6),
(259, 'Balneario Laguna de Gómez', 6),
(260, 'Fortín Tiburcio', 6),
(261, 'Junín', 6),
(262, 'Paraje La Agraria', 6),
(263, 'Laplacette', 6),
(264, 'Morse', 6),
(265, 'Saforcada', 6),
(266, 'Las Toninas', 6),
(267, 'Mar de Ajó - San Bernardo', 6),
(268, 'San Clemente del Tuyú', 6),
(269, 'Santa Teresita - Mar del Tuyú', 6),
(270, 'La Matanza', 6),
(271, 'Lanús', 6),
(272, 'Country Club El Rodeo', 6),
(273, 'Ignacio Correas', 6),
(274, 'La Plata', 6),
(275, 'Lomas de Copello', 6),
(276, 'Ruta Sol', 6),
(277, 'Laprida', 6),
(278, 'Pueblo Nuevo', 6),
(279, 'Pueblo San Jorge', 6),
(280, 'Coronel Boerr', 6),
(281, 'El Trigo', 6),
(282, 'Las Flores', 6),
(283, 'Pardo', 6),
(284, 'Alberdi Viejo', 6),
(285, 'El Dorado', 6),
(286, 'Fortín Acha', 6),
(287, 'Juan Bautista Alberdi', 6),
(288, 'Leandro N. Alem', 6),
(289, 'Vedia', 6),
(290, 'Arenaza', 6),
(291, 'Bayauca', 6),
(292, 'Bermúdez', 6),
(293, 'Carlos Salas', 6),
(294, 'Coronel Martínez de Hoz', 6),
(295, 'El Triunfo', 6),
(296, 'Las Toscas', 6),
(297, 'Lincoln', 6),
(298, 'Pasteur', 6),
(299, 'Roberts', 6),
(300, 'Triunvirato', 6),
(301, 'Arenas Verdes', 6),
(302, 'Licenciado Matienzo', 6),
(303, 'Lobería', 6),
(304, 'Pieres', 6),
(305, 'San Manuel', 6),
(306, 'Tamangueyú', 6),
(307, 'Antonio Carboni', 6),
(308, 'Elvira', 6),
(309, 'Laguna de Lobos', 6),
(310, 'Lobos', 6),
(311, 'Salvador María', 6),
(312, 'Lomas de Zamora', 6),
(313, 'Carlos Keen', 6),
(314, 'Club de Campo Los Puentes', 6),
(315, 'Luján', 6),
(316, 'Olivera', 6),
(317, 'Torres', 6),
(318, 'Atalaya', 6),
(319, 'General Mansilla', 6),
(320, 'Los Naranjos', 6),
(321, 'Magdalena', 6),
(322, 'Roberto J. Payró', 6),
(323, 'Vieytes', 6),
(324, 'Las Armas', 6),
(325, 'Maipú', 6),
(326, 'Santo Domingo', 6),
(327, 'Malvinas Argentinas', 6),
(328, 'Coronel Vidal', 6),
(329, 'General Pirán', 6),
(330, 'La Armonía', 6),
(331, 'Mar Chiquita', 6),
(332, 'Mar de Cobo', 6),
(333, 'Santa Clara del Mar', 6),
(334, 'Vivoratá', 6),
(335, 'Barrio Santa Rosa', 6),
(336, 'Marcos Paz', 6),
(337, 'Goldney', 6),
(338, 'Gowland', 6),
(339, 'Mercedes', 6),
(340, 'Jorge Born', 6),
(341, 'Merlo', 6),
(342, 'Abbott', 6),
(343, 'San Miguel del Monte', 6),
(344, 'Zenón Videla Dorna', 6),
(345, 'Balneario Sauce Grande', 6),
(346, 'Monte Hermoso', 6),
(347, 'Moreno', 6),
(348, 'Morón', 6),
(349, 'José Juan Almeyra', 6),
(350, 'Las Marianas', 6),
(351, 'Navarro', 6),
(352, 'Villa Moll', 6),
(353, 'Claraz', 6),
(354, 'Energía', 6),
(355, 'Juan N. Fernández', 6),
(356, 'Necochea - Quequén', 6),
(357, 'Nicanor Olivera', 6),
(358, 'Ramón Santamarina', 6),
(359, 'Alfredo Demarchi', 6),
(360, 'Carlos María Naón', 6),
(361, '12 de Octubre', 6),
(362, 'Dudignac', 6),
(363, 'La Aurora', 6),
(364, 'Manuel B. Gonnet', 6),
(365, 'Marcelino Ugarte', 6),
(366, 'Morea', 6),
(367, 'Norumbega', 6),
(368, '9 de Julio', 6),
(369, 'Patricios', 6),
(370, 'Villa Fournier', 6),
(371, 'Blancagrande', 6),
(372, 'Colonia Nievas', 6),
(373, 'Colonia San Miguel', 6),
(374, 'Espigas', 6),
(375, 'Hinojo', 6),
(376, 'Olavarría', 6),
(377, 'Recalde', 6),
(378, 'Santa Luisa', 6),
(379, 'Sierra Chica', 6),
(380, 'Sierras Bayas', 6),
(381, 'Villa Alfredo Fortabat', 6),
(382, 'Villa La Serranía', 6),
(383, 'Bahía San Blas', 6),
(384, 'Cardenal Cagliero', 6),
(385, 'Carmen de Patagones', 6),
(386, 'José B. Casas', 6),
(387, 'Juan A. Pradere', 6),
(388, 'Stroeder', 6),
(389, 'Villalonga', 6),
(390, 'Capitán Castro', 6),
(391, 'San Esteban', 6),
(392, 'Francisco Madero', 6),
(393, 'Inocencio Sosa', 6),
(394, 'Juan José Paso', 6),
(395, 'Magdala', 6),
(396, 'Mones Cazón', 6),
(397, 'Nueva Plata', 6),
(398, 'Pehuajó', 6),
(399, 'San Bernardo', 6),
(400, 'Bocayuva', 6),
(401, 'De Bary', 6),
(402, 'Pellegrini', 6),
(403, 'Acevedo', 6),
(404, 'Fontezuela', 6),
(405, 'Guerrico', 6),
(406, 'Juan A. de la Peña', 6),
(407, 'Juan Anchorena', 6),
(408, 'La Violeta', 6),
(409, 'Manuel Ocampo', 6),
(410, 'Mariano Benítez', 6),
(411, 'Mariano H. Alfonzo', 6),
(412, 'Pergamino', 6),
(413, 'Pinzón', 6),
(414, 'Rancagua', 6),
(415, 'Villa Angélica', 6),
(416, 'Villa San José', 6),
(417, 'Casalins', 6),
(418, 'Pila', 6),
(419, 'Pilar', 6),
(420, 'Pinamar', 6),
(421, 'Presidente Perón', 6),
(422, 'Azopardo', 6),
(423, 'Bordenave', 6),
(424, 'Darregueira', 6),
(425, '17 de Agosto', 6),
(426, 'Estela', 6),
(427, 'Felipe Solá', 6),
(428, 'López Lecube', 6),
(429, 'Puán', 6),
(430, 'San Germán', 6),
(431, 'Villa Castelar', 6),
(432, 'Villa Iris', 6),
(433, 'Alvarez Jonte', 6),
(434, 'Pipinas', 6),
(435, 'Punta Indio', 6),
(436, 'Verónica', 6),
(437, 'Quilmes', 6),
(438, 'El Paraíso', 6),
(439, 'Las Bahamas', 6),
(440, 'Pérez Millán', 6),
(441, 'Ramallo', 6),
(442, 'Villa General Savio', 6),
(443, 'Villa Ramallo', 6),
(444, 'Rauch', 6),
(445, 'América', 6),
(446, 'Fortín Olavarría', 6),
(447, 'González Moreno', 6),
(448, 'Mira Pampa', 6),
(449, 'Roosevelt', 6),
(450, 'San Mauricio', 6),
(451, 'Sansinena', 6),
(452, 'Sundblad', 6),
(453, 'La Beba', 6),
(454, 'Las Carabelas', 6),
(455, 'Los Indios', 6),
(456, 'Rafael Obligado', 6),
(457, 'Roberto Cano', 6),
(458, 'Rojas', 6),
(459, 'Sol de Mayo', 6),
(460, 'Carlos Beguerie', 6),
(461, 'Roque Pérez', 6),
(462, 'Arroyo Corto', 6),
(463, 'Colonia San Martín', 6),
(464, 'Dufaur', 6),
(465, 'Espartillar', 6),
(466, 'Goyena', 6),
(467, 'Las Encadenadas', 6),
(468, 'Pigüé', 6),
(469, 'Saavedra', 6),
(470, 'Álvarez de Toledo', 6),
(471, 'Cazón', 6),
(472, 'Del Carril', 6),
(473, 'Polvaredas', 6),
(474, 'Saladillo', 6),
(475, 'Arroyo Dulce', 6),
(476, 'Berdier', 6),
(477, 'Gahan', 6),
(478, 'Inés Indart', 6),
(479, 'La Invencible', 6),
(480, 'Salto', 6),
(481, 'Quenumá', 6),
(482, 'Salliqueló', 6),
(483, 'Azcuénaga', 6),
(484, 'Cucullú', 6),
(485, 'Franklin', 6),
(486, 'San Andrés de Giles', 6),
(487, 'Solís', 6),
(488, 'Villa Espil', 6),
(489, 'Villa Ruiz', 6),
(490, 'Duggan', 6),
(491, 'San Antonio de Areco', 6),
(492, 'Villa Lía', 6),
(493, 'Balneario San Cayetano', 6),
(494, 'Ochandío', 6),
(495, 'San Cayetano', 6),
(496, 'San Fernando', 6),
(497, 'San Isidro', 6),
(498, 'San Miguel', 6),
(499, 'Conesa', 6),
(500, 'Erezcano', 6),
(501, 'General Rojo', 6),
(502, 'La Emilia', 6),
(503, 'San Nicolás de los Arroyos', 6),
(504, 'Villa Esperanza', 6),
(505, 'Gobernador Castro', 6),
(506, 'Ingeniero Moneta', 6),
(507, 'Obligado', 6),
(508, 'Pueblo Doyle', 6),
(509, 'Río Tala', 6),
(510, 'San Pedro', 6),
(511, 'Santa Lucía', 6),
(512, 'San Vicente', 6),
(513, 'General Rivas', 6),
(514, 'Suipacha', 6),
(515, 'De la Canal', 6),
(516, 'Gardey', 6),
(517, 'María Ignacia', 6),
(518, 'Tandil', 6),
(519, 'Crotto', 6),
(520, 'Tapalqué', 6),
(521, 'Velloso', 6),
(522, 'Tigre', 6),
(523, 'General Conesa', 6),
(524, 'Chasicó', 6),
(525, 'Saldungaray', 6),
(526, 'Sierra de la Ventana', 6),
(527, 'Tornquist', 6),
(528, 'Tres Picos', 6),
(529, 'La Gruta', 6),
(530, 'Villa Ventana', 6),
(531, 'Berutti', 6),
(532, 'Girodias', 6),
(533, 'La Carreta', 6),
(534, '30 de Agosto', 6),
(535, 'Trenque Lauquen', 6),
(536, 'Trongé', 6),
(537, 'Balneario Orense', 6),
(538, 'Claromecó', 6),
(539, 'Copetonas', 6),
(540, 'Lin Calel', 6),
(541, 'Micaela Cascallares', 6),
(542, 'Orense', 6),
(543, 'Reta', 6),
(544, 'San Francisco de Bellocq', 6),
(545, 'San Mayol', 6),
(546, 'Tres Arroyos', 6),
(547, 'Villa Rodríguez', 6),
(548, 'Tres de Febrero', 6),
(549, 'Ingeniero Thompson', 6),
(550, 'Tres Lomas', 6),
(551, 'Agustín Mosconi', 6),
(552, 'Del Valle', 6),
(553, 'Ernestina', 6),
(554, 'Gobernador Ugarte', 6),
(555, 'Lucas Monteverde', 6),
(556, 'Norberto de la Riestra', 6),
(557, 'Pedernales', 6),
(558, 'San Enrique', 6),
(559, 'Valdés', 6),
(560, '25 de Mayo', 6),
(561, 'Vicente López', 6),
(562, 'Mar Azul', 6),
(563, 'Villa Gesell', 6),
(564, 'Argerich', 6),
(565, 'Colonia San Adolfo', 6),
(566, 'Country Los Medanos', 6),
(567, 'Hilario Ascasubi', 6),
(568, 'Juan Cousté', 6),
(569, 'Mayor Buratovich', 6),
(570, 'Médanos', 6),
(571, 'Pedro Luro', 6),
(572, 'Teniente Origone', 6),
(573, 'Country Club El Casco', 6),
(574, 'Escalada', 6),
(575, 'Lima', 6),
(576, 'Zárate', 6),
(577, 'Chuchucaruana', 10),
(578, 'Colpes', 10),
(579, 'El Bolsón', 10),
(580, 'El Rodeo', 10),
(581, 'Huaycama', 10),
(582, 'La Puerta', 10),
(583, 'Las Chacritas', 10),
(584, 'Las Juntas', 10),
(585, 'Los Castillos', 10),
(586, 'Los Talas', 10),
(587, 'Los Varela', 10),
(588, 'Singuil', 10),
(589, 'Ancasti', 10),
(590, 'Anquincila', 10),
(591, 'La Candelaria', 10),
(592, 'La Majada', 10),
(593, 'Amanao', 10),
(594, 'Andalgalá', 10),
(595, 'Chaquiago', 10),
(596, 'Choya', 10),
(597, 'El Alamito', 10),
(598, 'El Lindero', 10),
(599, 'El Potrero', 10),
(600, 'La Aguada', 10),
(601, 'Antofagasta de la Sierra', 10),
(602, 'Antofalla', 10),
(603, 'El Peñón', 10),
(604, 'Los Nacimientos', 10),
(605, 'Barranca Larga', 10),
(606, 'Belén', 10),
(607, 'Cóndor Huasi', 10),
(608, 'Corral Quemado', 10),
(609, 'El Durazno', 10),
(610, 'Farallón Negro', 10),
(611, 'Hualfín', 10),
(612, 'Jacipunco', 10),
(613, 'La Puntilla', 10),
(614, 'Londres', 10),
(615, 'Puerta de Corral Quemado', 10),
(616, 'Puerta de San José', 10),
(617, 'Villa Vil', 10),
(618, 'Adolfo E. Carranza', 10),
(619, 'Balde de la Punta', 10),
(620, 'Capayán', 10),
(621, 'Chumbicha', 10),
(622, 'Colonia del Valle', 10),
(623, 'Colonia Nueva Coneta', 10),
(624, 'Concepción', 10),
(625, 'Coneta', 10),
(626, 'El Bañado', 10),
(627, 'Huillapima', 10),
(628, 'Miraflores', 10),
(629, 'San Martín', 10),
(630, 'San Pablo', 10),
(631, 'El Pantanillo', 10),
(632, 'San Fernando del Valle de Catamarca', 10),
(633, 'El Alto', 10),
(634, 'Guayamba', 10),
(635, 'Infanzón', 10),
(636, 'Los Corrales', 10),
(637, 'Tapso', 10),
(638, 'Vilismán', 10),
(639, 'Collagasta', 10),
(640, 'Pomancillo Este', 10),
(641, 'Pomancillo Oeste', 10),
(642, 'Villa Las Pirquitas', 10),
(643, 'Casa de Piedra', 10),
(644, 'El Aybal', 10),
(645, 'El Divisadero', 10),
(646, 'El Quimilo', 10),
(647, 'Esquiú', 10),
(648, 'Icaño', 10),
(649, 'La Dorada', 10),
(650, 'La Guardia', 10),
(651, 'Las Esquinas', 10),
(652, 'Las Palmitas', 10),
(653, 'Quirós', 10),
(654, 'Ramblones', 10),
(655, 'Recreo', 10),
(656, 'San Antonio', 10),
(657, 'Amadores', 10),
(658, 'El Rosario', 10),
(659, 'La Bajada', 10),
(660, 'La Higuera', 10),
(661, 'La Merced', 10),
(662, 'La Viña', 10),
(663, 'Las Lajas', 10),
(664, 'Monte Potrero', 10),
(665, 'Palo Labrado', 10),
(666, 'Villa de Balcozna', 10),
(667, 'Apoyaco', 10),
(668, 'Colana', 10),
(669, 'El Pajonal', 10),
(670, 'Joyango', 10),
(671, 'Mutquin', 10),
(672, 'Pomán', 10),
(673, 'Rincón', 10),
(674, 'Saujil', 10),
(675, 'Siján', 10),
(676, 'Andalhualá', 10),
(677, 'Caspichango', 10),
(678, 'Chañar Punco', 10),
(679, 'El Cajón', 10),
(680, 'El Desmonte', 10),
(681, 'El Puesto', 10),
(682, 'Famatanca', 10),
(683, 'Fuerte Quemado', 10),
(684, 'La Hoyada', 10),
(685, 'La Loma', 10),
(686, 'Las Mojarras', 10),
(687, 'Loro Huasi', 10),
(688, 'Punta de Balasto', 10),
(689, 'Yapes', 10),
(690, 'Alijilán', 10),
(691, 'Bañado de Ovanta', 10),
(692, 'Las Cañas', 10),
(693, 'Lavalle', 10),
(694, 'Los Altos', 10),
(695, 'Manantiales', 10),
(696, 'Anillaco', 10),
(697, 'Antinaco', 10),
(698, 'Banda de Lucero', 10),
(699, 'Cerro Negro', 10),
(700, 'Copacabana', 10),
(701, 'Cordobita', 10),
(702, 'Costa de Reyes', 10),
(703, 'El Pueblito', 10),
(704, 'El Salado', 10),
(705, 'Fiambalá', 10),
(706, 'Los Balverdis', 10),
(707, 'Medanitos', 10),
(708, 'Palo Blanco', 10),
(709, 'Punta del Agua', 10),
(710, 'Tatón', 10),
(711, 'Tinogasta', 10),
(712, 'El Portezuelo', 10),
(713, 'Las Tejas', 10),
(714, 'Santa Cruz', 10),
(715, 'Amboy', 14),
(716, 'Arroyo San Antonio', 14),
(717, 'Cañada del Sauce', 14),
(718, 'Capilla Vieja', 14),
(719, 'El Corcovado - El Torreón', 14),
(720, 'Embalse', 14),
(721, 'La Cruz', 14),
(722, 'La Cumbrecita', 14),
(723, 'Las Bajadas', 14),
(724, 'Las Caleras', 14),
(725, 'Los Cóndores', 14),
(726, 'Los Molinos', 14),
(727, 'Los Reartes', 14),
(728, 'Lutti', 14),
(729, 'Parque Calmayo', 14),
(730, 'Río de los Sauces', 14),
(731, 'San Ignacio (Loteo San Javier)', 14),
(732, 'Santa Rosa de Calamuchita', 14),
(733, 'Segunda Usina', 14),
(734, 'Solar de los Molinos', 14),
(735, 'Villa Alpina', 14),
(736, 'Villa Amancay', 14),
(737, 'Villa Berna', 14),
(738, 'Villa Ciudad Parque Los Reartes (1a. Sección)', 14),
(739, 'Villa del Dique', 14),
(740, 'Villa El Tala', 14),
(741, 'Villa General Belgrano', 14),
(742, 'Villa La Rivera', 14),
(743, 'Villa Quillinzo', 14),
(744, 'Villa Rumipal', 14),
(745, 'Villa Yacanto', 14),
(746, 'Córdoba', 14),
(747, 'Agua de Oro', 14),
(748, 'Ascochinga', 14),
(749, 'Barrio Nuevo Río Ceballos', 14),
(750, 'Canteras El Sauce', 14),
(751, 'Casa Bamba', 14),
(752, 'Colonia Caroya', 14),
(753, 'Colonia Tirolesa', 14),
(754, 'Colonia Vicente Agüero', 14),
(755, 'Villa Corazón de María', 14),
(756, 'Country San Isidro - Country Chacras de la Villa', 14),
(757, 'El Manzano', 14),
(758, 'Estación Colonia Tirolesa', 14),
(759, 'General Paz', 14),
(760, 'Jesús María', 14),
(761, 'La Calera', 14),
(762, 'La Granja', 14),
(763, 'La Morada', 14),
(764, 'Las Corzuelas', 14),
(765, 'Los Molles', 14),
(766, 'Mendiolaza', 14),
(767, 'Mi Granja', 14),
(768, 'Pajas Blancas', 14),
(769, 'Río Ceballos', 14),
(770, 'Saldán', 14),
(771, 'Salsipuedes', 14),
(772, 'Santa Elena', 14),
(773, 'Tinoco', 14),
(774, 'Unquillo', 14),
(775, 'Villa Allende', 14),
(776, 'Villa Cerro Azul', 14),
(777, 'Parque Norte - Ciudad de los Niños - Villa Pastora - Almirante Brown - Guiñazú N', 14),
(778, 'Villa Los Llanos - Juárez Celman', 14),
(779, 'Alto de los Quebrachos', 14),
(780, 'Bañado de Soto', 14),
(781, 'Canteras Quilpo', 14),
(782, 'Cruz de Caña', 14),
(783, 'Cruz del Eje', 14),
(784, 'El Brete', 14),
(785, 'El Rincón', 14),
(786, 'Guanaco Muerto', 14),
(787, 'La Banda', 14),
(788, 'La Batea', 14),
(789, 'Las Cañadas', 14),
(790, 'Las Playas', 14),
(791, 'Los Chañaritos', 14),
(792, 'Media Naranja', 14),
(793, 'Paso Viejo', 14),
(794, 'San Marcos Sierra', 14),
(795, 'Serrezuela', 14),
(796, 'Tuclame', 14),
(797, 'Villa de Soto', 14),
(798, 'Del Campillo', 14),
(799, 'Estación Lecueder', 14),
(800, 'Hipólito Bouchard', 14),
(801, 'Huinca Renancó', 14),
(802, 'Italó', 14),
(803, 'Mattaldi', 14),
(804, 'Nicolás Bruzzone', 14),
(805, 'Onagoity', 14),
(806, 'Pincén', 14),
(807, 'Ranqueles', 14),
(808, 'Santa Magdalena', 14),
(809, 'Villa Huidobro', 14),
(810, 'Villa Sarmiento', 14),
(811, 'Villa Valeria', 14),
(812, 'Arroyo Algodón', 14),
(813, 'Arroyo Cabral', 14),
(814, 'Ausonia', 14),
(815, 'Chazón', 14),
(816, 'Etruria', 14),
(817, 'La Laguna', 14),
(818, 'La Palestina', 14),
(819, 'La Playosa', 14),
(820, 'Luca', 14),
(821, 'Pasco', 14),
(822, 'Sanabria', 14),
(823, 'Silvio Pellico', 14),
(824, 'Ticino', 14),
(825, 'Tío Pujio', 14),
(826, 'Villa Albertina', 14),
(827, 'Villa Nueva', 14),
(828, 'Villa Oeste', 14),
(829, 'Cañada de Río Pinto', 14),
(830, 'Chuña', 14),
(831, 'Deán Funes', 14),
(832, 'Esquina del Alambre', 14),
(833, 'Los Pozos', 14),
(834, 'Olivares de San Nicolás', 14),
(835, 'Quilino', 14),
(836, 'San Pedro de Toyos', 14),
(837, 'Villa Gutiérrez', 14),
(838, 'Villa Quilino', 14),
(839, 'Alejandro Roca', 14),
(840, 'Assunta', 14),
(841, 'Bengolea', 14),
(842, 'Carnerillo', 14),
(843, 'Charras', 14),
(844, 'El Rastreador', 14),
(845, 'General Cabrera', 14),
(846, 'General Deheza', 14),
(847, 'Huanchillas', 14),
(848, 'La Carlota', 14),
(849, 'Los Cisnes', 14),
(850, 'Olaeta', 14),
(851, 'Pacheco de Melo', 14),
(852, 'Paso del Durazno', 14),
(853, 'Santa Eufemia', 14),
(854, 'Ucacha', 14),
(855, 'Villa Reducción', 14),
(856, 'Alejo Ledesma', 14),
(857, 'Arias', 14),
(858, 'Camilo Aldao', 14),
(859, 'Capitán General Bernardo O\'Higgins', 14),
(860, 'Cavanagh', 14),
(861, 'Colonia Barge', 14),
(862, 'Colonia Italiana', 14),
(863, 'Colonia Veinticinco', 14),
(864, 'Corral de Bustos', 14),
(865, 'Cruz Alta', 14),
(866, 'General Baldissera', 14),
(867, 'General Roca', 14),
(868, 'Guatimozín', 14),
(869, 'Inriville', 14),
(870, 'Isla Verde', 14),
(871, 'Leones', 14),
(872, 'Los Surgentes', 14),
(873, 'Marcos Juárez', 14),
(874, 'Monte Buey', 14),
(875, 'Saira', 14),
(876, 'Villa Elisa', 14),
(877, 'Ciénaga del Coro', 14),
(878, 'El Chacho', 14),
(879, 'Estancia de Guadalupe', 14),
(880, 'Guasapampa', 14),
(881, 'La Playa', 14),
(882, 'San Carlos Minas', 14),
(883, 'Talaini', 14),
(884, 'Tosno', 14),
(885, 'Chancani', 14),
(886, 'Las Palmas', 14),
(887, 'Los Talares', 14),
(888, 'Salsacate', 14),
(889, 'San Gerónimo', 14),
(890, 'Tala Cañada', 14),
(891, 'Taninga', 14),
(892, 'Villa de Pocho', 14),
(893, 'General Levalle', 14),
(894, 'La Cesira', 14),
(895, 'Laboulaye', 14),
(896, 'Leguizamón', 14),
(897, 'Melo', 14),
(898, 'Río Bamba', 14),
(899, 'Rosales', 14),
(900, 'San Joaquín', 14),
(901, 'Serrano', 14),
(902, 'Villa Rossi', 14),
(903, 'Barrio Santa Isabel', 14),
(904, 'Bialet Massé', 14),
(905, 'Cabalango', 14),
(906, 'Capilla del Monte', 14),
(907, 'Casa Grande', 14),
(908, 'Charbonier', 14),
(909, 'Cosquín', 14),
(910, 'Cuesta Blanca', 14),
(911, 'Estancia Vieja', 14),
(912, 'Huerta Grande', 14),
(913, 'La Cumbre', 14),
(914, 'La Falda', 14),
(915, 'Las Jarillas', 14),
(916, 'Los Cocos', 14),
(917, 'Mallín', 14),
(918, 'Mayu Sumaj', 14),
(919, 'Quebrada de Luna', 14),
(920, 'San Antonio de Arredondo', 14),
(921, 'San Roque', 14),
(922, 'Santa María de Punilla', 14),
(923, 'Tala Huasi', 14),
(924, 'Tanti', 14),
(925, 'Valle Hermoso', 14),
(926, 'Villa Carlos Paz', 14),
(927, 'Villa Flor Serrana', 14),
(928, 'Villa Giardino', 14),
(929, 'Villa Lago Azul', 14),
(930, 'Villa Parque Siquimán', 14),
(931, 'Villa Río Icho Cruz', 14),
(932, 'Villa Santa Cruz del Lago', 14),
(933, 'Achiras', 14),
(934, 'Adelia María', 14),
(935, 'Alcira Gigena', 14),
(936, 'Alpa Corral', 14),
(937, 'Berrotarán', 14),
(938, 'Bulnes', 14),
(939, 'Chaján', 14),
(940, 'Chucul', 14),
(941, 'Coronel Baigorria', 14),
(942, 'Coronel Moldes', 14),
(943, 'Elena', 14),
(944, 'La Carolina', 14),
(945, 'La Cautiva', 14),
(946, 'La Gilda', 14),
(947, 'Las Acequias', 14),
(948, 'Las Albahacas', 14),
(949, 'Las Higueras', 14),
(950, 'Las Peñas', 14),
(951, 'Las Vertientes', 14),
(952, 'Malena', 14),
(953, 'Monte de los Gauchos', 14),
(954, 'Río Cuarto', 14),
(955, 'Sampacho', 14),
(956, 'San Basilio', 14),
(957, 'Santa Catalina Holmberg', 14),
(958, 'Suco', 14),
(959, 'Tosquitas', 14),
(960, 'Vicuña Mackenna', 14),
(961, 'Villa El Chacay', 14),
(962, 'Villa Santa Eugenia', 14),
(963, 'Washington', 14),
(964, 'Atahona', 14),
(965, 'Cañada de Machado', 14),
(966, 'Capilla de los Remedios', 14),
(967, 'Chalacea', 14),
(968, 'Colonia Las Cuatro Esquinas', 14),
(969, 'Diego de Rojas', 14),
(970, 'El Alcalde', 14),
(971, 'El Crispín', 14),
(972, 'Esquina', 14),
(973, 'Kilómetro 658', 14),
(974, 'La Para', 14),
(975, 'La Posta', 14),
(976, 'La Quinta', 14),
(977, 'Las Gramillas', 14),
(978, 'Las Saladas', 14),
(979, 'Maquinista Gallini', 14),
(980, 'Monte del Rosario', 14),
(981, 'Montecristo', 14),
(982, 'Obispo Trejo', 14),
(983, 'Piquillín', 14),
(984, 'Plaza de Mercedes', 14),
(985, 'Pueblo Comechingones', 14),
(986, 'Río Primero', 14),
(987, 'Sagrada Familia', 14),
(988, 'Santa Rosa de Río Primero', 14),
(989, 'Villa Fontana', 14),
(990, 'Cerro Colorado', 14),
(991, 'Chañar Viejo', 14),
(992, 'Eufrasio Loza', 14),
(993, 'Gütemberg', 14),
(994, 'La Rinconada', 14),
(995, 'Los Hoyos', 14),
(996, 'Puesto de Castro', 14),
(997, 'Rayo Cortado', 14),
(998, 'San Pedro de Gütemberg', 14),
(999, 'Sebastián Elcano', 14),
(1000, 'Villa Candelaria', 14),
(1001, 'Villa de María', 14),
(1002, 'Calchín', 14),
(1003, 'Calchín Oeste', 14),
(1004, 'Capilla del Carmen', 14),
(1005, 'Carrilobo', 14),
(1006, 'Colazo', 14),
(1007, 'Colonia Videla', 14),
(1008, 'Costasacate', 14),
(1009, 'Impira', 14),
(1010, 'Laguna Larga', 14),
(1011, 'Las Junturas', 14),
(1012, 'Luque', 14),
(1013, 'Manfredi', 14),
(1014, 'Matorrales', 14),
(1015, 'Oncativo', 14),
(1016, 'Pozo del Molle', 14),
(1017, 'Río Segundo', 14),
(1018, 'Santiago Temple', 14),
(1019, 'Villa del Rosario', 14),
(1020, 'Ambul', 14),
(1021, 'Arroyo Los Patos', 14),
(1022, 'El Huayco', 14),
(1023, 'La Cortadera', 14),
(1024, 'Las Calles', 14),
(1025, 'Las Oscuras', 14),
(1026, 'Las Rabonas', 14),
(1027, 'Los Callejones', 14),
(1028, 'Mina Clavero', 14),
(1029, 'Mussi', 14),
(1030, 'Nono', 14),
(1031, 'Panaholma', 14),
(1032, 'San Huberto', 14),
(1033, 'San Lorenzo', 14),
(1034, 'Sauce Arriba', 14),
(1035, 'Tasna', 14),
(1036, 'Villa Cura Brochero', 14),
(1037, 'Conlara', 14),
(1038, 'Cruz Caña', 14),
(1039, 'Dos Arroyos', 14),
(1040, 'La Paz', 14),
(1041, 'La Población', 14),
(1042, 'La Ramada', 14),
(1043, 'La Travesía', 14),
(1044, 'Las Chacras', 14),
(1045, 'Las Tapias', 14),
(1046, 'Loma Bola', 14),
(1047, 'Los Cerrillos', 14),
(1048, 'Los Hornillos', 14),
(1049, 'Luyaba', 14),
(1050, 'Quebracho Ladeado', 14),
(1051, 'Quebrada de los Pozos', 14),
(1052, 'San Javier y Yacanto', 14),
(1053, 'Villa de las Rosas', 14),
(1054, 'Villa Dolores', 14),
(1055, 'Villa La Viña', 14),
(1056, 'Alicia', 14),
(1057, 'Altos de Chipión', 14),
(1058, 'Arroyito', 14),
(1059, 'Balnearia', 14),
(1060, 'Brinkmann', 14),
(1061, 'Colonia Anita', 14),
(1062, 'Colonia 10 de Julio', 14),
(1063, 'Colonia Las Pichanas', 14),
(1064, 'Colonia Marina', 14),
(1065, 'Colonia Prosperidad', 14),
(1066, 'Colonia San Bartolomé', 14),
(1067, 'Colonia San Pedro', 14),
(1068, 'Colonia Santa María', 14),
(1069, 'Colonia Valtelina', 14),
(1070, 'Colonia Vignaud', 14),
(1071, 'Devoto', 14),
(1072, 'El Arañado', 14),
(1073, 'El Fortín', 14),
(1074, 'El Fuertecito', 14),
(1075, 'El Tío', 14),
(1076, 'Estación Luxardo', 14),
(1077, 'Colonia Iturraspe', 14),
(1078, 'Freyre', 14),
(1079, 'La Francia', 14),
(1080, 'La Paquita', 14),
(1081, 'La Tordilla', 14),
(1082, 'Las Varas', 14),
(1083, 'Las Varillas', 14),
(1084, 'Marull', 14),
(1085, 'Morteros', 14),
(1086, 'Plaza Luxardo', 14),
(1087, 'Plaza San Francisco', 14),
(1088, 'Porteña', 14),
(1089, 'Quebracho Herrado', 14),
(1090, 'Sacanta', 14),
(1091, 'San Francisco', 14),
(1092, 'Saturnino María Laspiur', 14),
(1093, 'Seeber', 14),
(1094, 'Toro Pujio', 14),
(1095, 'Tránsito', 14),
(1096, 'Villa Concepción del Tío', 14),
(1097, 'Villa del Tránsito', 14),
(1098, 'Villa San Esteban', 14),
(1099, 'Alta Gracia', 14),
(1100, 'Anisacate', 14),
(1101, 'Barrio Gilbert (1º de Mayo) - Tejas Tres', 14),
(1102, 'Bouwer', 14),
(1103, 'Campos del Virrey', 14),
(1104, 'Caseros Centro', 14),
(1105, 'Causana', 14),
(1106, 'Costa Azul', 14),
(1107, 'Despeñaderos', 14),
(1108, 'Dique Chico', 14),
(1109, 'El Potrerillo', 14),
(1110, 'Falda del Cañete', 14),
(1111, 'Falda del Carmen', 14),
(1112, 'José de la Quintana', 14),
(1113, 'La Boca del Río', 14),
(1114, 'La Carbonada', 14),
(1115, 'La Paisanita', 14),
(1116, 'La Perla', 14),
(1117, 'La Rancherita y Las Cascadas', 14),
(1118, 'La Serranita', 14),
(1119, 'Los Cedros', 14),
(1120, 'Lozada', 14),
(1121, 'Malagueño', 14),
(1122, 'Milenica', 14),
(1123, 'Monte Ralo', 14),
(1124, 'Potrero de Garay', 14),
(1125, 'Rafael García', 14),
(1126, 'San Clemente', 14),
(1127, 'San Nicolás - Tierra Alta', 14),
(1128, 'Socavones', 14),
(1129, 'Toledo', 14),
(1130, 'Valle Alegre', 14),
(1131, 'Valle de Anisacate', 14),
(1132, 'Villa Ciudad de América', 14),
(1133, 'Villa del Prado', 14),
(1134, 'Villa La Bolsa', 14),
(1135, 'Villa Los Aromos', 14),
(1136, 'Villa Parque Santa Ana', 14),
(1137, 'Villa San Isidro', 14),
(1138, 'Villa Sierras De Oro', 14),
(1139, 'Yocsina', 14),
(1140, 'Caminiaga', 14),
(1141, 'Chuña Huasi', 14),
(1142, 'Pozo Nuevo', 14),
(1143, 'San Francisco del Chañar', 14),
(1144, 'Almafuerte', 14),
(1145, 'Colonia Almada', 14),
(1146, 'Corralito', 14),
(1147, 'Dalmacio Vélez', 14),
(1148, 'General Fotheringham', 14),
(1149, 'Hernando', 14),
(1150, 'James Craik', 14),
(1151, 'Las Isletillas', 14),
(1152, 'Las Perdices', 14),
(1153, 'Los Zorros', 14),
(1154, 'Oliva', 14),
(1155, 'Pampayasta Norte', 14),
(1156, 'Pampayasta Sud', 14),
(1157, 'Río Tercero', 14),
(1158, 'Tancacha', 14),
(1159, 'Villa Ascasubi', 14),
(1160, 'Candelaria Sur', 14),
(1161, 'Cañada de Luque', 14),
(1162, 'Capilla de Sitón', 14),
(1163, 'La Pampa', 14),
(1164, 'Los Mistoles', 14),
(1165, 'Santa Catalina', 14),
(1166, 'Sarmiento', 14),
(1167, 'Simbolar', 14),
(1168, 'Sinsacate', 14),
(1169, 'Villa del Totoral', 14),
(1170, 'Churqui Cañada', 14),
(1171, 'El Tuscal', 14),
(1172, 'Las Arrias', 14),
(1173, 'Lucio V. Mansilla', 14),
(1174, 'Rosario del Saladillo', 14),
(1175, 'San José de la Dormida', 14),
(1176, 'San José de las Salinas', 14),
(1177, 'San Pedro Norte', 14),
(1178, 'Villa Tulumba', 14),
(1179, 'Aldea Santa María', 14),
(1180, 'Alto Alegre', 14),
(1181, 'Ana Zumarán', 14),
(1182, 'Ballesteros', 14),
(1183, 'Ballesteros Sud', 14),
(1184, 'Bell Ville', 14),
(1185, 'Benjamín Gould', 14),
(1186, 'Canals', 14),
(1187, 'Chilibroste', 14),
(1188, 'Cintra', 14),
(1189, 'Colonia Bismarck', 14),
(1190, 'Colonia Bremen', 14),
(1191, 'Idiazabal', 14),
(1192, 'Justiniano Posse', 14),
(1193, 'Laborde', 14),
(1194, 'Monte Leña', 14),
(1195, 'Monte Maíz', 14),
(1196, 'Morrison', 14),
(1197, 'Noetinger', 14),
(1198, 'Ordoñez', 14),
(1199, 'Pascanas', 14),
(1200, 'Pueblo Italiano', 14),
(1201, 'Ramón J. Cárcano', 14),
(1202, 'San Antonio de Litín', 14),
(1203, 'San Marcos', 14),
(1204, 'San Severo', 14),
(1205, 'Viamonte', 14),
(1206, 'Villa Los Patos', 14),
(1207, 'Wenceslao Escalante', 14),
(1208, 'Bella Vista', 18),
(1209, 'Berón de Astrada', 18),
(1210, 'Yahapé', 18),
(1211, 'Corrientes', 18),
(1212, 'Laguna Brava', 18),
(1213, 'Riachuelo', 18),
(1214, 'Tabay', 18),
(1215, 'Tatacua', 18),
(1216, 'Cazadores Correntinos', 18),
(1217, 'Curuzú Cuatiá', 18),
(1218, 'Perugorría', 18),
(1219, 'El Sombrero', 18),
(1220, 'Empedrado', 18),
(1221, 'Pueblo Libertador', 18),
(1222, 'Alvear', 18),
(1223, 'Estación Torrent', 18),
(1224, 'Itá Ibaté', 18),
(1225, 'Lomas de Vallejos', 18),
(1226, 'Nuestra Señora del Rosario de Caá Catí', 18),
(1227, 'Palmar Grande', 18),
(1228, 'Carolina', 18),
(1229, 'Goya', 18),
(1230, 'Itatí', 18),
(1231, 'Ramada Paso', 18),
(1232, 'Colonia Liebig\'s', 18),
(1233, 'San Carlos', 18),
(1234, 'Villa Olivari', 18),
(1235, 'Cruz de los Milagros', 18),
(1236, 'Gobernador Juan E. Martínez', 18),
(1237, 'Villa Córdoba', 18),
(1238, 'Yatayti Calle', 18),
(1239, 'Mburucuyá', 18),
(1240, 'Felipe Yofré', 18),
(1241, 'Mariano I. Loza', 18),
(1242, 'Colonia Libertad', 18),
(1243, 'Estación Libertad', 18),
(1244, 'Juan Pujol', 18),
(1245, 'Mocoretá', 18),
(1246, 'Monte Caseros', 18),
(1247, 'Parada Acuña', 18),
(1248, 'Parada Labougle', 18),
(1249, 'Bonpland', 18),
(1250, 'Parada Pucheta', 18),
(1251, 'Paso de los Libres', 18),
(1252, 'Tapebicuá', 18),
(1253, 'Saladas', 18),
(1254, 'Ingenio Primer Correntino', 18),
(1255, 'Paso de la Patria', 18),
(1256, 'San Cosme', 18),
(1257, 'Santa Ana', 18),
(1258, 'San Luis del Palmar', 18),
(1259, 'Colonia Carlos Pellegrini', 18),
(1260, 'Guaviraví', 18),
(1261, 'Yapeyú', 18),
(1262, 'Loreto', 18),
(1263, 'Chavarría', 18),
(1264, 'Colonia Pando', 18),
(1265, 'Pedro R. Fernández', 18),
(1266, 'José Rafael Gómez', 18),
(1267, 'Garruchos', 18),
(1268, 'Gobernador Igr. Valentín Virasoro', 18),
(1269, 'Santo Tomé', 18),
(1270, 'Sauce', 18),
(1271, 'Concepción del Bermejo', 22),
(1272, 'Los Frentones', 22),
(1273, 'Pampa del Infierno', 22),
(1274, 'Río Muerto', 22),
(1275, 'Taco Pozo', 22),
(1276, 'General Vedia', 22),
(1277, 'Isla del Cerrito', 22),
(1278, 'La Leonesa', 22),
(1279, 'Puerto Bermejo Nuevo', 22),
(1280, 'Puerto Bermejo Viejo', 22),
(1281, 'Puerto Eva Perón', 22),
(1282, 'Presidencia Roque Sáenz Peña', 22),
(1283, 'Charata', 22),
(1284, 'Gancedo', 22),
(1285, 'General Capdevila', 22),
(1286, 'General Pinedo', 22),
(1287, 'Mesón de Fierro', 22),
(1288, 'Pampa Landriel', 22),
(1289, 'Hermoso Campo', 22),
(1290, 'Itín', 22),
(1291, 'Chorotis', 22),
(1292, 'Santa Sylvina', 22),
(1293, 'Venados Grandes', 22),
(1294, 'Corzuela', 22),
(1295, 'La Escondida', 22),
(1296, 'La Verde', 22),
(1297, 'Lapachito', 22),
(1298, 'Makallé', 22),
(1299, 'El Espinillo', 22),
(1300, 'El Sauzal', 22),
(1301, 'El Sauzalito', 22),
(1302, 'Fortín Lavalle', 22),
(1303, 'Fuerte Esperanza', 22),
(1304, 'Juan José Castelli', 22),
(1305, 'Nueva Pompeya', 22),
(1306, 'Villa Río Bermejito', 22),
(1307, 'Wichi', 22),
(1308, 'Zaparinqui', 22),
(1309, 'Avia Terai', 22),
(1310, 'Campo Largo', 22),
(1311, 'Fortín Las Chuñas', 22),
(1312, 'Napenay', 22),
(1313, 'Colonia Popular', 22),
(1314, 'Estación General Obligado', 22),
(1315, 'Laguna Blanca', 22),
(1316, 'Puerto Tirol', 22),
(1317, 'Ciervo Petiso', 22),
(1318, 'General José de San Martín', 22),
(1319, 'La Eduvigis', 22),
(1320, 'Laguna Limpia', 22),
(1321, 'Pampa Almirón', 22),
(1322, 'Pampa del Indio', 22),
(1323, 'Presidencia Roca', 22),
(1324, 'Selvas del Río de Oro', 22),
(1325, 'Tres Isletas', 22),
(1326, 'Coronel Du Graty', 22),
(1327, 'Enrique Urien', 22),
(1328, 'Villa Angela', 22),
(1329, 'Las Breñas', 22),
(1330, 'La Clotilde', 22),
(1331, 'La Tigra', 22),
(1332, 'Presidencia de la Plaza', 22),
(1333, 'Barrio de los Pescadores', 22),
(1334, 'Colonia Benítez', 22),
(1335, 'Margarita Belén', 22),
(1336, 'Quitilipi', 22),
(1337, 'Villa El Palmar', 22),
(1338, 'Barranqueras', 22),
(1339, 'Basail', 22),
(1340, 'Colonia Baranda', 22),
(1341, 'Fontana', 22),
(1342, 'Puerto Vilelas', 22),
(1343, 'Resistencia', 22),
(1344, 'Samuhú', 22),
(1345, 'Villa Berthet', 22),
(1346, 'Capitán Solari', 22),
(1347, 'Colonia Elisa', 22),
(1348, 'Colonias Unidas', 22),
(1349, 'Ingeniero Barbet', 22),
(1350, 'Las Garcitas', 22),
(1351, 'Charadai', 22),
(1352, 'Cote Lai', 22),
(1353, 'Haumonia', 22),
(1354, 'Horquilla', 22),
(1355, 'La Sabana', 22),
(1356, 'Colonia Aborigen', 22),
(1357, 'Machagai', 22),
(1358, 'Napalpí', 22),
(1359, 'Arroyo Verde', 26),
(1360, 'Puerto Madryn', 26),
(1361, 'Puerto Pirámides', 26),
(1362, 'Quintas El Mirador', 26),
(1363, 'Reserva Area Protegida El Doradillo', 26),
(1364, 'Buenos Aires Chico', 26),
(1365, 'Cholila', 26),
(1366, 'Costa del Chubut', 26),
(1367, 'Cushamen Centro', 26),
(1368, 'El Hoyo', 26),
(1369, 'El Maitén', 26),
(1370, 'Epuyén', 26),
(1371, 'Fofo Cahuel', 26),
(1372, 'Gualjaina', 26),
(1373, 'Lago Epuyén', 26),
(1374, 'Lago Puelo', 26),
(1375, 'Leleque', 26),
(1376, 'Astra', 26),
(1377, 'Bahía Bustamante', 26),
(1378, 'Comodoro Rivadavia', 26),
(1379, 'Diadema Argentina', 26),
(1380, 'Rada Tilly', 26),
(1381, 'Camarones', 26),
(1382, 'Garayalde', 26),
(1383, 'Aldea Escolar (Los Rápidos)', 26),
(1384, 'Corcovado', 26),
(1385, 'Esquel', 26),
(1386, 'Lago Rosario', 26),
(1387, 'Los Cipreses', 26),
(1388, 'Trevelín', 26),
(1389, 'Villa Futalaufquen', 26),
(1390, 'Dique Florentino Ameghino', 26),
(1391, 'Dolavon', 26),
(1392, 'Gaiman', 26),
(1393, '28 de Julio', 26),
(1394, 'Blancuntre', 26),
(1395, 'El Escorial', 26),
(1396, 'Gastre', 26),
(1397, 'Lagunita Salada', 26),
(1398, 'Yala Laubat', 26),
(1399, 'Aldea Epulef', 26),
(1400, 'Carrenleufú', 26),
(1401, 'Colan Conhué', 26),
(1402, 'Paso del Sapo', 26),
(1403, 'Tecka', 26),
(1404, 'El Mirasol', 26),
(1405, 'Las Plumas', 26),
(1406, 'Cerro Cóndor', 26),
(1407, 'Los Altares', 26),
(1408, 'Paso de Indios', 26),
(1409, 'Playa Magagna', 26),
(1410, 'Playa Unión', 26),
(1411, 'Trelew', 26),
(1412, 'Aldea Apeleg', 26),
(1413, 'Aldea Beleiro', 26),
(1414, 'Alto Río Senguer', 26),
(1415, 'Doctor Ricardo Rojas', 26),
(1416, 'Facundo', 26),
(1417, 'Lago Blanco', 26),
(1418, 'Río Mayo', 26),
(1419, 'Buen Pasto', 26),
(1420, 'Doctor Oscar Atilio Viglione (Frontera de Río Pico)', 26),
(1421, 'Gobernador Costa', 26),
(1422, 'José de San Martín', 26),
(1423, 'Río Pico', 26),
(1424, 'Gan Gan', 26),
(1425, 'Telsen', 26),
(1426, 'Arroyo Barú', 30),
(1427, 'Colonia Hugues', 30),
(1428, 'Hambis', 30),
(1429, 'Hocker', 30),
(1430, 'La Clarita', 30),
(1431, 'Pueblo Cazes', 30),
(1432, 'Pueblo Liebig\'s', 30),
(1433, 'Ubajay', 30),
(1434, 'Calabacilla', 30),
(1435, 'Clodomiro Ledesma', 30),
(1436, 'Colonia Ayuí', 30),
(1437, 'Colonia General Roca', 30),
(1438, 'Concordia', 30),
(1439, 'Estación Yeruá', 30),
(1440, 'Estación Yuquerí', 30),
(1441, 'Estancia Grande', 30),
(1442, 'La Criolla', 30),
(1443, 'Los Charrúas', 30),
(1444, 'Nueva Escocia', 30),
(1445, 'Pedernal', 30),
(1446, 'Puerto Yeruá', 30),
(1447, 'Aldea Brasilera', 30),
(1448, 'Aldea Grapschental', 30),
(1449, 'Aldea Protestante', 30),
(1450, 'Aldea Salto', 30),
(1451, 'Aldea San Francisco', 30),
(1452, 'Aldea Spatzenkutter', 30),
(1453, 'Aldea Valle María', 30),
(1454, 'Colonia Ensayo', 30),
(1455, 'Diamante', 30),
(1456, 'Estación Camps', 30),
(1457, 'General Racedo (El Carmen)', 30),
(1458, 'General Ramírez', 30),
(1459, 'La Juanita', 30),
(1460, 'Las Jaulas', 30),
(1461, 'Paraje La Virgen', 30),
(1462, 'Puerto Las Cuevas', 30),
(1463, 'Villa Libertador San Martín', 30),
(1464, 'Chajarí', 30),
(1465, 'Colonia Alemana', 30),
(1466, 'Colonia Peña', 30),
(1467, 'Federación', 30),
(1468, 'Los Conquistadores', 30),
(1469, 'San Jaime de la Frontera', 30),
(1470, 'San Ramón', 30),
(1471, 'Conscripto Bernardi', 30),
(1472, 'Aldea San Isidro (El Cimarrón)', 30),
(1473, 'Federal', 30),
(1474, 'Nueva Vizcaya', 30),
(1475, 'Sauce de Luna', 30),
(1476, 'San José de Feliciano', 30),
(1477, 'San Víctor', 30),
(1478, 'Aldea Asunción', 30),
(1479, 'Estación Lazo', 30),
(1480, 'General Galarza', 30),
(1481, 'Gualeguay', 30),
(1482, 'Puerto Ruiz', 30),
(1483, 'Aldea San Antonio', 30),
(1484, 'Aldea San Juan', 30),
(1485, 'Enrique Carbó', 30),
(1486, 'Estación Escriña', 30),
(1487, 'Faustino M. Parera', 30),
(1488, 'General Almada', 30),
(1489, 'Gilbert', 30),
(1490, 'Gualeguaychú', 30),
(1491, 'Irazusta', 30),
(1492, 'Larroque', 30),
(1493, 'Pastor Britos', 30),
(1494, 'Pueblo General Belgrano', 30),
(1495, 'Urdinarrain', 30),
(1496, 'Ceibas', 30),
(1497, 'Ibicuy', 30),
(1498, 'Villa Paranacito', 30),
(1499, 'Alcaraz', 30),
(1500, 'Bovril', 30),
(1501, 'Colonia Avigdor', 30),
(1502, 'El Solar', 30),
(1503, 'Piedras Blancas', 30),
(1504, 'San Gustavo', 30),
(1505, 'Sir Leonard', 30),
(1506, 'Aranguren', 30),
(1507, 'Betbeder', 30),
(1508, 'Don Cristóbal', 30),
(1509, 'Febré', 30),
(1510, 'Hernández', 30),
(1511, 'Lucas González', 30),
(1512, 'Nogoyá', 30),
(1513, 'XX de Setiembre', 30),
(1514, 'Aldea María Luisa', 30),
(1515, 'Aldea San Rafael', 30),
(1516, 'Aldea Santa Rosa', 30),
(1517, 'Cerrito', 30),
(1518, 'Colonia Avellaneda', 30),
(1519, 'Colonia Crespo', 30),
(1520, 'Crespo', 30),
(1521, 'El Palenque', 30),
(1522, 'El Pingo', 30),
(1523, 'El Ramblón', 30),
(1524, 'Hasenkamp', 30),
(1525, 'Hernandarias', 30),
(1526, 'La Picada', 30),
(1527, 'Las Tunas', 30),
(1528, 'María Grande', 30),
(1529, 'Oro Verde', 30),
(1530, 'Paraná', 30),
(1531, 'Pueblo Bellocq (Las Garzas)', 30),
(1532, 'Pueblo Brugo', 30),
(1533, 'Pueblo General San Martín', 30),
(1534, 'San Benito', 30),
(1535, 'Sauce Montrull', 30),
(1536, 'Sauce Pinto', 30),
(1537, 'Seguí', 30),
(1538, 'Sosa', 30),
(1539, 'Tabossi', 30),
(1540, 'Tezanos Pinto', 30),
(1541, 'Viale', 30),
(1542, 'Villa Gdor. Luis F. Etchevehere', 30),
(1543, 'Villa Urquiza', 30),
(1544, 'General Campos', 30),
(1545, 'San Salvador', 30),
(1546, 'Altamirano Sur', 30),
(1547, 'Durazno', 30),
(1548, 'Estación Arroyo Clé', 30),
(1549, 'Gobernador Echagüe', 30),
(1550, 'Gobernador Mansilla', 30),
(1551, 'Gobernador Solá', 30),
(1552, 'Guardamonte', 30),
(1553, 'Las Guachas', 30),
(1554, 'Maciá', 30),
(1555, 'Rosario del Tala', 30),
(1556, 'Basavilbaso', 30),
(1557, 'Caseros', 30),
(1558, 'Colonia Elía', 30),
(1559, 'Concepción del Uruguay', 30),
(1560, 'Herrera', 30),
(1561, 'Las Moscas', 30),
(1562, 'Líbaros', 30),
(1563, '1º de Mayo', 30),
(1564, 'Pronunciamiento', 30),
(1565, 'Rocamora', 30),
(1566, 'Santa Anita', 30),
(1567, 'Villa Mantero', 30),
(1568, 'Villa San Justo', 30),
(1569, 'Villa San Marcial (Est. Gobernador Urquiza)', 30),
(1570, 'Antelo', 30),
(1571, 'Molino Doll', 30),
(1572, 'Victoria', 30),
(1573, 'Estación Raíces', 30),
(1574, 'Ingeniero Miguel Sajaroff', 30),
(1575, 'Jubileo', 30),
(1576, 'Paso de la Laguna', 30),
(1577, 'Villa Clara', 30),
(1578, 'Villa Domínguez', 30),
(1579, 'Villaguay', 30),
(1580, 'Fortín Soledad', 34),
(1581, 'Guadalcazar', 34),
(1582, 'Laguna Yema', 34),
(1583, 'Lamadrid', 34),
(1584, 'Los Chiriguanos', 34),
(1585, 'Pozo de Maza', 34),
(1586, 'Pozo del Mortero', 34),
(1587, 'Vaca Perdida', 34),
(1588, 'Colonia Pastoril', 34),
(1589, 'Formosa', 34),
(1590, 'Gran Guardia', 34),
(1591, 'Mariano Boedo', 34),
(1592, 'Mojón de Fierro', 34),
(1593, 'San Hilario', 34),
(1594, 'Villa del Carmen', 34),
(1595, 'Banco Payaguá', 34),
(1596, 'General Lucio V. Mansilla', 34),
(1597, 'Herradura', 34),
(1598, 'San Francisco de Laishi', 34),
(1599, 'Tatané', 34),
(1600, 'Villa Escolar', 34),
(1601, 'Ingeniero Guillermo N. Juárez', 34),
(1602, 'Bartolomé de las Casas', 34),
(1603, 'Colonia Sarmiento', 34),
(1604, 'Comandante Fontana', 34),
(1605, 'El Recreo', 34),
(1606, 'Estanislao del Campo', 34),
(1607, 'Fortín Cabo 1º Lugones', 34),
(1608, 'Fortín Sargento 1º Leyes', 34),
(1609, 'Ibarreta', 34),
(1610, 'Juan G. Bazán', 34),
(1611, 'Las Lomitas', 34),
(1612, 'Posta Cambio Zalazar', 34),
(1613, 'Pozo del Tigre', 34),
(1614, 'San Martín I', 34),
(1615, 'San Martín II', 34),
(1616, 'Subteniente Perín', 34),
(1617, 'Villa General Güemes', 34),
(1618, 'Villa General Manuel Belgrano', 34),
(1619, 'Buena Vista', 34),
(1620, 'Laguna Gallo', 34),
(1621, 'Misión Tacaaglé', 34),
(1622, 'Portón Negro', 34),
(1623, 'Tres Lagunas', 34),
(1624, 'Clorinda', 34),
(1625, 'Laguna Naick-Neck', 34),
(1626, 'Palma Sola', 34),
(1627, 'Puerto Pilcomayo', 34),
(1628, 'Riacho He-He', 34),
(1629, 'Riacho Negro', 34),
(1630, 'Siete Palmas', 34),
(1631, 'Colonia Campo Villafañe', 34),
(1632, 'El Colorado', 34),
(1633, 'Palo Santo', 34),
(1634, 'Pirané', 34),
(1635, 'Villa Kilómetro 213', 34),
(1636, 'El Potrillo', 34),
(1637, 'General Mosconi', 34),
(1638, 'El Quebracho', 34),
(1639, 'Abdón Castro Tolay', 38),
(1640, 'Abra Pampa', 38),
(1641, 'Abralaite', 38),
(1642, 'Agua de Castilla', 38),
(1643, 'Casabindo', 38),
(1644, 'Cochinoca', 38),
(1645, 'La Redonda', 38),
(1646, 'Puesto del Marquéz', 38),
(1647, 'Quebraleña', 38),
(1648, 'Quera', 38),
(1649, 'Rinconadillas', 38),
(1650, 'San Francisco de Alfarcito', 38),
(1651, 'Santa Ana de la Puna', 38),
(1652, 'Santuario de Tres Pozos', 38),
(1653, 'Tambillos', 38),
(1654, 'Tusaquillas', 38),
(1655, 'Aguas Calientes', 38),
(1656, 'Barrio El Milagro', 38),
(1657, 'Barrio La Unión', 38),
(1658, 'El Carmen', 38),
(1659, 'Los Lapachos', 38),
(1660, 'Loteo San Vicente', 38),
(1661, 'Monterrico', 38),
(1662, 'Pampa Blanca', 38),
(1663, 'Perico', 38),
(1664, 'Puesto Viejo', 38),
(1665, 'San Juancito', 38),
(1666, 'Guerrero', 38),
(1667, 'La Almona', 38),
(1668, 'León', 38),
(1669, 'Lozano', 38),
(1670, 'Ocloyas', 38),
(1671, 'San Salvador de Jujuy', 38),
(1672, 'Tesorero', 38),
(1673, 'Yala', 38),
(1674, 'Aparzo', 38),
(1675, 'Cianzo', 38),
(1676, 'Coctaca', 38),
(1677, 'El Aguilar', 38),
(1678, 'Hipólito Yrigoyen', 38),
(1679, 'Humahuaca', 38),
(1680, 'Palca de Aparzo', 38),
(1681, 'Palca de Varas', 38),
(1682, 'Rodero', 38),
(1683, 'Tres Cruces', 38),
(1684, 'Uquía', 38),
(1685, 'Bananal', 38),
(1686, 'Bermejito', 38),
(1687, 'Caimancito', 38),
(1688, 'Calilegua', 38),
(1689, 'Chalicán', 38),
(1690, 'Fraile Pintado', 38),
(1691, 'Libertad', 38),
(1692, 'Libertador General San Martín', 38),
(1693, 'Maíz Negro', 38),
(1694, 'Paulina', 38),
(1695, 'Yuto', 38),
(1696, 'Carahunco', 38),
(1697, 'Centro Forestal', 38),
(1698, 'Palpalá', 38),
(1699, 'Casa Colorada', 38),
(1700, 'Coyaguaima', 38),
(1701, 'Lagunillas de Farallón', 38),
(1702, 'Liviara', 38),
(1703, 'Loma Blanca', 38),
(1704, 'Nuevo Pirquitas', 38),
(1705, 'Orosmayo', 38),
(1706, 'Rinconada', 38),
(1707, 'El Ceibal', 38),
(1708, 'Los Alisos', 38),
(1709, 'Loteo Navea', 38),
(1710, 'Nuestra Señora del Rosario', 38),
(1711, 'Arrayanal', 38),
(1712, 'Arroyo Colorado', 38),
(1713, 'Don Emilio', 38),
(1714, 'El Acheral', 38),
(1715, 'El Quemado', 38),
(1716, 'La Esperanza', 38),
(1717, 'La Manga', 38),
(1718, 'La Mendieta', 38),
(1719, 'Palos Blancos', 38),
(1720, 'Parapetí', 38),
(1721, 'Rodeito', 38),
(1722, 'Rosario de Río Grande (ex Barro Negro)', 38),
(1723, 'San Lucas', 38),
(1724, 'Sauzal', 38),
(1725, 'El Fuerte', 38),
(1726, 'El Piquete', 38),
(1727, 'El Talar', 38),
(1728, 'Puente Lavayén', 38),
(1729, 'Santa Clara', 38),
(1730, 'Vinalito', 38),
(1731, 'Casira', 38),
(1732, 'Ciénega de Paicone', 38),
(1733, 'Cieneguillas', 38),
(1734, 'Cusi Cusi', 38),
(1735, 'El Angosto', 38),
(1736, 'La Ciénega', 38),
(1737, 'Misarrumi', 38),
(1738, 'Oratorio', 38),
(1739, 'Paicone', 38),
(1740, 'San Juan de Oros', 38),
(1741, 'Yoscaba', 38),
(1742, 'Catua', 38),
(1743, 'Coranzuli', 38),
(1744, 'El Toro', 38),
(1745, 'Huáncar', 38),
(1746, 'Jama', 38),
(1747, 'Mina Providencia', 38),
(1748, 'Olacapato', 38),
(1749, 'Olaroz Chico', 38),
(1750, 'Pastos Chicos', 38),
(1751, 'Puesto Sey', 38),
(1752, 'San Juan de Quillaqués', 38),
(1753, 'Susques', 38),
(1754, 'Colonia San José', 38),
(1755, 'Huacalera', 38),
(1756, 'Juella', 38),
(1757, 'Maimará', 38),
(1758, 'Tilcara', 38),
(1759, 'Bárcena', 38),
(1760, 'El Moreno', 38),
(1761, 'Puerta de Colorados', 38),
(1762, 'Purmamarca', 38),
(1763, 'Tumbaya', 38),
(1764, 'Volcán', 38),
(1765, 'Caspalá', 38),
(1766, 'Pampichuela', 38),
(1767, 'Valle Colorado', 38),
(1768, 'Valle Grande', 38),
(1769, 'Barrios', 38),
(1770, 'Cangrejillos', 38),
(1771, 'El Cóndor', 38),
(1772, 'La Intermedia', 38),
(1773, 'La Quiaca', 38),
(1774, 'Llulluchayoc', 38),
(1775, 'Pumahuasi', 38),
(1776, 'Yavi', 38),
(1777, 'Yavi Chico', 38),
(1778, 'Doblas', 42),
(1779, 'Macachín', 42),
(1780, 'Miguel Riglos', 42),
(1781, 'Rolón', 42),
(1782, 'Tomás M. Anchorena', 42),
(1783, 'Anzoátegui', 42),
(1784, 'La Adela', 42),
(1785, 'Anguil', 42),
(1786, 'Catriló', 42),
(1787, 'La Gloria', 42),
(1788, 'Lonquimay', 42),
(1789, 'Uriburu', 42),
(1790, 'Conhelo', 42),
(1791, 'Eduardo Castex', 42),
(1792, 'Mauricio Mayer', 42),
(1793, 'Monte Nievas', 42),
(1794, 'Rucanelo', 42),
(1795, 'Winifreda', 42),
(1796, 'Gobernador Duval', 42),
(1797, 'Puelches', 42),
(1798, 'Santa Isabel', 42),
(1799, 'Bernardo Larroude', 42),
(1800, 'Ceballos', 42),
(1801, 'Coronel Hilario Lagos', 42),
(1802, 'Intendente Alvear', 42),
(1803, 'Sarah', 42),
(1804, 'Vértiz', 42),
(1805, 'Algarrobo del Águila', 42),
(1806, 'La Humada', 42),
(1807, 'Alpachiri', 42),
(1808, 'General Manuel J. Campos', 42),
(1809, 'Guatraché', 42),
(1810, 'Perú', 42),
(1811, 'Santa Teresa', 42),
(1812, 'Abramo', 42),
(1813, 'Bernasconi', 42),
(1814, 'Hucal', 42),
(1815, 'Jacinto Aráuz', 42),
(1816, 'Cuchillo Co', 42),
(1817, 'La Reforma', 42),
(1818, 'Limay Mahuida', 42),
(1819, 'Carro Quemado', 42),
(1820, 'Loventué', 42),
(1821, 'Luan Toro', 42),
(1822, 'Telén', 42),
(1823, 'Victorica', 42),
(1824, 'Agustoni', 42),
(1825, 'Dorila', 42),
(1826, 'General Pico', 42),
(1827, 'Speluzzi', 42),
(1828, 'Trebolares', 42),
(1829, 'Puelén', 42),
(1830, 'Colonia Barón', 42),
(1831, 'Miguel Cané', 42),
(1832, 'Quemú Quemú', 42),
(1833, 'Relmo', 42),
(1834, 'Villa Mirasol', 42),
(1835, 'Caleufú', 42),
(1836, 'Ingeniero Foster', 42),
(1837, 'La Maruja', 42),
(1838, 'Parera', 42),
(1839, 'Pichi Huinca', 42),
(1840, 'Quetrequén', 42),
(1841, 'Rancul', 42),
(1842, 'Adolfo Van Praet', 42),
(1843, 'Alta Italia', 42),
(1844, 'Damián Maisonave', 42),
(1845, 'Embajador Martini', 42),
(1846, 'Falucho', 42),
(1847, 'Ingeniero Luiggi', 42),
(1848, 'Ojeda', 42),
(1849, 'Realicó', 42),
(1850, 'Cachirulo', 42),
(1851, 'Naicó', 42),
(1852, 'Toay', 42),
(1853, 'Arata', 42),
(1854, 'Metileo', 42),
(1855, 'Trenel', 42),
(1856, 'Ataliva Roca', 42),
(1857, 'Chacharramendi', 42),
(1858, 'General Acha', 42),
(1859, 'Quehué', 42),
(1860, 'Unanué', 42),
(1861, 'Aimogasta', 46),
(1862, 'Arauco', 46),
(1863, 'Bañado de los Pantanos', 46),
(1864, 'Estación Mazán', 46),
(1865, 'Termas de Santa Teresita', 46),
(1866, 'Villa Mazán', 46),
(1867, 'La Rioja', 46),
(1868, 'Aminga', 46),
(1869, 'Anjullón', 46),
(1870, 'Chuquis', 46),
(1871, 'Pinchas', 46),
(1872, 'Santa Vera Cruz', 46),
(1873, 'Aicuñá', 46),
(1874, 'Guandacol', 46),
(1875, 'Los Palacios', 46),
(1876, 'Pagancillo', 46),
(1877, 'Villa Unión', 46),
(1878, 'Chamical', 46),
(1879, 'Polco', 46),
(1880, 'Chilecito', 46),
(1881, 'Colonia Anguinán', 46),
(1882, 'Colonia Catinzaco', 46),
(1883, 'Colonia Malligasta', 46),
(1884, 'Colonia Vichigasta', 46),
(1885, 'Guanchín', 46),
(1886, 'Malligasta', 46),
(1887, 'Miranda', 46),
(1888, 'Nonogasta', 46),
(1889, 'San Nicolás', 46),
(1890, 'Santa Florentina', 46),
(1891, 'Sañogasta', 46),
(1892, 'Tilimuqui', 46),
(1893, 'Vichigasta', 46),
(1894, 'Alto Carrizal', 46),
(1895, 'Angulos', 46),
(1896, 'Bajo Carrizal', 46),
(1897, 'Campanas', 46),
(1898, 'Chañarmuyo', 46),
(1899, 'Famatina', 46),
(1900, 'La Cuadra', 46),
(1901, 'Pituil', 46),
(1902, 'Plaza Vieja', 46),
(1903, 'Punta de los Llanos', 46),
(1904, 'Tama', 46),
(1905, 'Castro Barros', 46),
(1906, 'Chañar', 46),
(1907, 'Olta', 46),
(1908, 'Malanzán', 46),
(1909, 'Nácate', 46),
(1910, 'Portezuelo', 46),
(1911, 'Villa Castelli', 46),
(1912, 'Ambil', 46),
(1913, 'Colonia Ortiz de Ocampo', 46),
(1914, 'Milagro', 46),
(1915, 'Olpas', 46),
(1916, 'Santa Rita de Catuna', 46),
(1917, 'Ulapes', 46),
(1918, 'Jagüé', 46),
(1919, 'Villa San José de Vinchina', 46),
(1920, 'Amaná', 46),
(1921, 'Patquía', 46),
(1922, 'Chepes', 46),
(1923, 'Desiderio Tello', 46),
(1924, 'Salicas - San Blas', 46),
(1925, 'Villa Sanagasta', 46),
(1926, 'Mendoza', 50),
(1927, 'Bowen', 50),
(1928, 'Carmensa', 50),
(1929, 'Los Compartos', 50),
(1930, 'Godoy Cruz', 50),
(1931, 'Colonia Segovia', 50),
(1932, 'Guaymallén', 50),
(1933, 'La Primavera', 50),
(1934, 'Los Corralitos', 50),
(1935, 'Puente de Hierro', 50),
(1936, 'Ingeniero Giagnoni', 50),
(1937, 'La Colonia', 50),
(1938, 'Los Barriales', 50),
(1939, 'Medrano', 50),
(1940, 'Phillips', 50),
(1941, 'Rodríguez Peña', 50),
(1942, 'Desaguadero', 50),
(1943, 'Villa Antigua', 50),
(1944, 'Blanco Encalada', 50),
(1945, 'Jocolí', 50),
(1946, 'Las Cuevas', 50),
(1947, 'Las Heras', 50),
(1948, 'Los Penitentes', 50),
(1949, 'Puente del Inca', 50),
(1950, 'Punta de Vacas', 50),
(1951, 'Uspallata', 50),
(1952, 'Barrio Alto del Olvido', 50),
(1953, 'Barrio Jocolí II', 50),
(1954, 'Barrio La Palmera', 50),
(1955, 'Barrio La Pega', 50),
(1956, 'Barrio Lagunas de Bartoluzzi', 50),
(1957, 'Barrio Los Jarilleros', 50),
(1958, 'Barrio Los Olivos', 50),
(1959, 'Barrio Virgen del Rosario', 50),
(1960, 'Costa de Araujo', 50),
(1961, 'El Paramillo', 50),
(1962, 'El Vergel', 50),
(1963, 'Ingeniero Gustavo André', 50),
(1964, 'Jocolí Viejo', 50),
(1965, 'Las Violetas', 50),
(1966, '3 de Mayo', 50),
(1967, 'Villa Tulumaya', 50),
(1968, 'Agrelo', 50),
(1969, 'Barrio Perdriel IV', 50),
(1970, 'Cacheuta', 50),
(1971, 'Costa Flores', 50),
(1972, 'El Carrizal', 50),
(1973, 'El Salto', 50),
(1974, 'Las Compuertas', 50),
(1975, 'Las Vegas', 50),
(1976, 'Luján de Cuyo', 50),
(1977, 'Perdriel', 50),
(1978, 'Potrerillos', 50),
(1979, 'Ugarteche', 50),
(1980, 'Barrancas', 50),
(1981, 'Barrio Jesús de Nazaret', 50),
(1982, 'Cruz de Piedra', 50),
(1983, 'El Pedregal', 50),
(1984, 'Fray Luis Beltrán', 50),
(1985, 'Rodeo del Medio', 50),
(1986, 'Russell', 50),
(1987, 'Villa Teresa', 50),
(1988, 'Agua Escondida', 50),
(1989, 'Las Leñas', 50);
INSERT INTO `localidades` (`id_localidad`, `nombre_localidad`, `provincia_id`) VALUES
(1990, 'Malargüe', 50),
(1991, 'Andrade', 50),
(1992, 'Barrio Cooperativa Los Campamentos', 50),
(1993, 'Barrio Rivadavia', 50),
(1994, 'El Mirador', 50),
(1995, 'La Central', 50),
(1996, 'La Florida', 50),
(1997, 'La Libertad', 50),
(1998, 'Los Árboles', 50),
(1999, 'Los Campamentos', 50),
(2000, 'Mundo Nuevo', 50),
(2001, 'Reducción de Abajo', 50),
(2002, 'Rivadavia', 50),
(2003, 'Santa María de Oro', 50),
(2004, 'Barrio Carrasco', 50),
(2005, 'Barrio El Cepillo', 50),
(2006, 'Eugenio Bustos', 50),
(2007, 'La Consulta', 50),
(2008, 'Pareditas', 50),
(2009, 'Alto Verde', 50),
(2010, 'Barrio Chivilcoy', 50),
(2011, 'Barrio Emanuel', 50),
(2012, 'Barrio La Estación', 50),
(2013, 'Barrio Los Charabones', 50),
(2014, 'Barrio Ntra. Sra. De Fátima', 50),
(2015, 'Chapanay', 50),
(2016, 'El Espino', 50),
(2017, 'Montecaseros', 50),
(2018, 'Nueva California', 50),
(2019, 'Tres Porteñas', 50),
(2020, 'Barrio Campos El Toledano', 50),
(2021, 'Barrio El Nevado', 50),
(2022, 'Barrio Empleados de Comercio', 50),
(2023, 'Barrio Intendencia', 50),
(2024, 'Capitán Montoya', 50),
(2025, 'Cuadro Benegas', 50),
(2026, 'El Nihuil', 50),
(2027, 'El Sosneado', 50),
(2028, 'El Tropezón', 50),
(2029, 'Goudge', 50),
(2030, 'Jaime Prats', 50),
(2031, 'La Llave Nueva', 50),
(2032, 'Las Malvinas', 50),
(2033, 'Los Reyunos', 50),
(2034, 'Monte Comán', 50),
(2035, 'Pobre Diablo', 50),
(2036, 'Rama Caída', 50),
(2037, 'Real del Padre', 50),
(2038, 'Salto de las Rosas', 50),
(2039, 'San Rafael', 50),
(2040, 'Villa Atuel', 50),
(2041, 'Villa Atuel Norte', 50),
(2042, 'Barrio 12 de Octubre', 50),
(2043, 'Barrio María Auxiliadora', 50),
(2044, 'Barrio Molina Cabrera', 50),
(2045, 'La Dormida', 50),
(2046, 'Las Catitas', 50),
(2047, 'Barrio San Cayetano', 50),
(2048, 'Campo Los Andes', 50),
(2049, 'Colonia Las Rosas', 50),
(2050, 'Los Sauces', 50),
(2051, 'Tunuyán', 50),
(2052, 'Vista Flores', 50),
(2053, 'Barrio Belgrano Norte', 50),
(2054, 'Cordón del Plata', 50),
(2055, 'El Peral', 50),
(2056, 'El Zampal', 50),
(2057, 'La Arboleda', 50),
(2058, 'Tupungato', 50),
(2059, 'Apóstoles', 54),
(2060, 'Azara', 54),
(2061, 'Barrio Rural', 54),
(2062, 'Estación Apóstoles', 54),
(2063, 'Pindapoy', 54),
(2064, 'Rincón de Azara', 54),
(2065, 'Tres Capones', 54),
(2066, 'Aristóbulo del Valle', 54),
(2067, 'Campo Grande', 54),
(2068, 'Dos de Mayo', 54),
(2069, 'Dos de Mayo Nucleo III (Bº Bernardino Rivadavia)', 54),
(2070, 'Kilómetro 17', 54),
(2071, 'Pueblo Illia', 54),
(2072, 'Salto Encantado', 54),
(2073, 'Barrio del Lago', 54),
(2074, 'Candelaria', 54),
(2075, 'Cerro Corá', 54),
(2076, 'Mártires', 54),
(2077, 'Profundidad', 54),
(2078, 'Puerto Santa Ana', 54),
(2079, 'Barrio Nuevo Garupa', 54),
(2080, 'Garupá', 54),
(2081, 'Nemesio Parma', 54),
(2082, 'Posadas', 54),
(2083, 'Barra Concepción', 54),
(2084, 'Concepción de la Sierra', 54),
(2085, 'La Corita', 54),
(2086, 'Colonia Victoria', 54),
(2087, 'Eldorado', 54),
(2088, 'María Magdalena', 54),
(2089, 'Nueva Delicia', 54),
(2090, '9 de Julio Kilómetro 28', 54),
(2091, '9 de Julio Kilómetro 20', 54),
(2092, 'Puerto Mado', 54),
(2093, 'Puerto Pinares', 54),
(2094, 'Santiago de Liniers', 54),
(2095, 'Villa Roulet', 54),
(2096, 'Comandante Andresito', 54),
(2097, 'Bernardo de Irigoyen', 54),
(2098, 'Caburei', 54),
(2099, 'Dos Hermanas', 54),
(2100, 'Integración', 54),
(2101, 'Piñalito Norte', 54),
(2102, 'Puerto Andresito', 54),
(2103, 'Puerto Deseado', 54),
(2104, 'El Soberbio', 54),
(2105, 'Fracrán', 54),
(2106, 'Puerto Esperanza', 54),
(2107, 'Puerto Libertad', 54),
(2108, 'Puerto Iguazú', 54),
(2109, 'Villa Cooperativa', 54),
(2110, 'Colonia Wanda', 54),
(2111, 'Arroyo del Medio', 54),
(2112, 'Caá - Yarí', 54),
(2113, 'Cerro Azul', 54),
(2114, 'Gobernador López', 54),
(2115, 'Olegario V. Andrade', 54),
(2116, 'Villa Libertad', 54),
(2117, 'Capioví', 54),
(2118, 'Capioviciño', 54),
(2119, 'El Alcázar', 54),
(2120, 'Garuhapé', 54),
(2121, 'Mbopicuá', 54),
(2122, 'Puerto Leoni', 54),
(2123, 'Puerto Rico', 54),
(2124, 'Ruiz de Montoya', 54),
(2125, 'San Alberto', 54),
(2126, 'San Gotardo', 54),
(2127, 'Villa Akerman', 54),
(2128, 'Villa Urrutia', 54),
(2129, 'Barrio Cuatro Bocas', 54),
(2130, 'Barrio Guatambu', 54),
(2131, 'Bario Ita', 54),
(2132, 'Caraguatay', 54),
(2133, 'Laharrague', 54),
(2134, 'Montecarlo', 54),
(2135, 'Piray Kilómetro 18', 54),
(2136, 'Puerto Piray', 54),
(2137, 'Tarumá', 54),
(2138, 'Villa Parodi', 54),
(2139, 'Colonia Alberdi', 54),
(2140, 'Barrio Escuela 461', 54),
(2141, 'Barrio Escuela 633', 54),
(2142, 'Campo Ramón', 54),
(2143, 'Campo Viera', 54),
(2144, 'Guaraní', 54),
(2145, 'Los Helechos', 54),
(2146, 'Oberá', 54),
(2147, 'Panambí', 54),
(2148, 'Panambí Kilómetro 8', 54),
(2149, 'Panambi Kilómetro 15', 54),
(2150, 'Villa Bonita', 54),
(2151, 'Barrio Tungoil', 54),
(2152, 'Colonia Polana', 54),
(2153, 'Corpus', 54),
(2154, 'Domingo Savio', 54),
(2155, 'General Urquiza', 54),
(2156, 'Gobernador Roca', 54),
(2157, 'Helvecia', 54),
(2158, 'Jardín América', 54),
(2159, 'Oasis', 54),
(2160, 'Roca Chica', 54),
(2161, 'San Ignacio', 54),
(2162, 'Santo Pipó', 54),
(2163, 'Itacaruaré', 54),
(2164, 'Mojón Grande', 54),
(2165, 'San Javier', 54),
(2166, 'Cruce Caballero', 54),
(2167, 'Paraíso', 54),
(2168, 'Piñalito Sur', 54),
(2169, 'Tobuna', 54),
(2170, 'Alba Posse', 54),
(2171, 'Alicia Alta', 54),
(2172, 'Alicia Baja', 54),
(2173, 'Colonia Aurora', 54),
(2174, 'San Francisco de Asís', 54),
(2175, 'Santa Rita', 54),
(2176, 'Aluminé', 58),
(2177, 'Moquehue', 58),
(2178, 'Villa Pehuenia', 58),
(2179, 'Aguada San Roque', 58),
(2180, 'Añelo', 58),
(2181, 'San Patricio del Chañar', 58),
(2182, 'Las Coloradas', 58),
(2183, 'Piedra del Águila', 58),
(2184, 'Barrio Ruca Luhé', 58),
(2185, 'Centenario', 58),
(2186, 'Cutral Có', 58),
(2187, 'El Chocón', 58),
(2188, 'Mari Menuco', 58),
(2189, 'Neuquén', 58),
(2190, '11 de Octubre', 58),
(2191, 'Plaza Huincul', 58),
(2192, 'Plottier', 58),
(2193, 'Senillosa', 58),
(2194, 'Villa El Chocón', 58),
(2195, 'Vista Alegre Norte', 58),
(2196, 'Vista Alegre Sur', 58),
(2197, 'Chos Malal', 58),
(2198, 'Tricao Malal', 58),
(2199, 'Villa del Curi Leuvú', 58),
(2200, 'Junín de los Andes', 58),
(2201, 'San Martín de los Andes', 58),
(2202, 'Villa Lago Meliquina', 58),
(2203, 'Chorriaca', 58),
(2204, 'Loncopué', 58),
(2205, 'Villa La Angostura', 58),
(2206, 'Villa Traful', 58),
(2207, 'Andacollo', 58),
(2208, 'Huinganco', 58),
(2209, 'Las Ovejas', 58),
(2210, 'Los Miches', 58),
(2211, 'Manzano Amargo', 58),
(2212, 'Varvarco', 58),
(2213, 'Villa del Nahueve', 58),
(2214, 'Caviahue', 58),
(2215, 'Copahue', 58),
(2216, 'El Cholar', 58),
(2217, 'El Huecú', 58),
(2218, 'Taquimilán', 58),
(2219, 'Buta Ranquil', 58),
(2220, 'Octavio Pico', 58),
(2221, 'Rincón de los Sauces', 58),
(2222, 'El Sauce', 58),
(2223, 'Paso Aguerre', 58),
(2224, 'Picún Leufú', 58),
(2225, 'Bajada del Agrio', 58),
(2226, 'La Buitrera', 58),
(2227, 'Quili Malal', 58),
(2228, 'Los Catutos', 58),
(2229, 'Mariano Moreno', 58),
(2230, 'Ramón M. Castro', 58),
(2231, 'Zapala', 58),
(2232, 'Bahía Creek', 62),
(2233, 'El Juncal', 62),
(2234, 'Guardia Mitre', 62),
(2235, 'La Lobería', 62),
(2236, 'Loteo Costa de Río', 62),
(2237, 'Pozo Salado', 62),
(2238, 'Viedma', 62),
(2239, 'Barrio Unión', 62),
(2240, 'Chelforó', 62),
(2241, 'Chimpay', 62),
(2242, 'Choele Choel', 62),
(2243, 'Coronel Belisle', 62),
(2244, 'Darwin', 62),
(2245, 'Lamarque', 62),
(2246, 'Luis Beltrán', 62),
(2247, 'Pomona', 62),
(2248, 'Arelauquen', 62),
(2249, 'Barrio El Pilar', 62),
(2250, 'Colonia Suiza', 62),
(2251, 'El Foyel', 62),
(2252, 'Mallín Ahogado', 62),
(2253, 'Río Villegas', 62),
(2254, 'San Carlos de Bariloche', 62),
(2255, 'Villa Catedral', 62),
(2256, 'Villa Los Coihues', 62),
(2257, 'Villa Mascardi', 62),
(2258, 'Barrio Colonia Conesa', 62),
(2259, 'Barrio Planta Compresora de Gas', 62),
(2260, 'Aguada Guzmán', 62),
(2261, 'Cerro Policía', 62),
(2262, 'El Cuy', 62),
(2263, 'Las Perlas', 62),
(2264, 'Mencué', 62),
(2265, 'Naupa Huen', 62),
(2266, 'Paso Córdova', 62),
(2267, 'Valle Azul', 62),
(2268, 'Allen', 62),
(2269, 'Paraje Arroyón (Bajo San Cayetano)', 62),
(2270, 'Barda del Medio', 62),
(2271, 'Barrio Blanco', 62),
(2272, 'Barrio Calle Ciega Nº 10', 62),
(2273, 'Barrio Calle Ciega Nº 6', 62),
(2274, 'Barrio Canale', 62),
(2275, 'Barrio Chacra Monte', 62),
(2276, 'Barrio Costa Este', 62),
(2277, 'Barrio Costa Linda', 62),
(2278, 'Barrio Costa Oeste', 62),
(2279, 'Barrio Destacamento', 62),
(2280, 'Barrio El Labrador', 62),
(2281, 'Barrio El Maruchito', 62),
(2282, 'Barrio El Petróleo', 62),
(2283, 'Barrio Emergente', 62),
(2284, 'Barrio Fátima', 62),
(2285, 'Barrio Frontera', 62),
(2286, 'Barrio Guerrico', 62),
(2287, 'Barrio Isla 10', 62),
(2288, 'Barrio La Barda', 62),
(2289, 'Barrio La Costa', 62),
(2290, 'Barrio La Defensa', 62),
(2291, 'Barrio La Herradura', 62),
(2292, 'Barrio La Ribera - Barrio APYCAR', 62),
(2293, 'Puente Cero', 62),
(2294, 'Barrio Luisillo', 62),
(2295, 'Barrio Mar del Plata', 62),
(2296, 'Barrio María Elvira', 62),
(2297, 'Barrio Moño Azul', 62),
(2298, 'Barrio Mosconi', 62),
(2299, 'Barrio Norte', 62),
(2300, 'Barrio Pinar', 62),
(2301, 'Barrio Porvenir', 62),
(2302, 'Barrio Puente 83', 62),
(2303, 'Barrio Santa Lucia', 62),
(2304, 'Barrio Santa Rita', 62),
(2305, 'Catriel', 62),
(2306, 'Cervantes', 62),
(2307, 'Chichinales', 62),
(2308, 'Cinco Saltos', 62),
(2309, 'Cipolletti', 62),
(2310, 'Contralmirante Cordero', 62),
(2311, 'Ferri', 62),
(2312, 'General Enrique Godoy', 62),
(2313, 'General Fernández Oro', 62),
(2314, 'Ingeniero Luis A. Huergo', 62),
(2315, 'Ingeniero Otto Krause', 62),
(2316, 'Mainqué', 62),
(2317, 'Península Ruca Co', 62),
(2318, 'Sargento Vidal', 62),
(2319, 'Villa Alberdi', 62),
(2320, 'Villa del Parque', 62),
(2321, 'Villa Manzano', 62),
(2322, 'Villa Regina', 62),
(2323, 'Comicó', 62),
(2324, 'Cona Niyeu', 62),
(2325, 'Ministro Ramos Mexía', 62),
(2326, 'Prahuaniyeu', 62),
(2327, 'Sierra Colorada', 62),
(2328, 'Treneta', 62),
(2329, 'Yaminué', 62),
(2330, 'Las Bayas', 62),
(2331, 'Mamuel Choique', 62),
(2332, 'Ñorquincó', 62),
(2333, 'Ojos de Agua', 62),
(2334, 'Río Chico', 62),
(2335, 'Barrio Esperanza', 62),
(2336, 'Colonia Juliá y Echarren', 62),
(2337, 'Juventud Unida', 62),
(2338, 'Pichi Mahuida', 62),
(2339, 'Río Colorado', 62),
(2340, 'Salto Andersen', 62),
(2341, 'Cañadón Chileno', 62),
(2342, 'Comallo', 62),
(2343, 'Dina Huapi', 62),
(2344, 'Ñirihuau', 62),
(2345, 'Pilcaniyeu', 62),
(2346, 'Pilquiniyeu del Limay', 62),
(2347, 'Villa Llanquín', 62),
(2348, 'El Empalme', 62),
(2349, 'Las Grutas', 62),
(2350, 'Playas Doradas', 62),
(2351, 'Puerto San Antonio Este', 62),
(2352, 'Punta Colorada', 62),
(2353, 'Saco Viejo', 62),
(2354, 'San Antonio Oeste', 62),
(2355, 'Sierra Grande', 62),
(2356, 'Aguada Cecilio', 62),
(2357, 'Arroyo Los Berros', 62),
(2358, 'Arroyo Ventana', 62),
(2359, 'Nahuel Niyeu', 62),
(2360, 'Sierra Pailemán', 62),
(2361, 'Valcheta', 62),
(2362, 'Aguada de Guerra', 62),
(2363, 'Clemente Onelli', 62),
(2364, 'Colan Conhue', 62),
(2365, 'El Caín', 62),
(2366, 'Ingeniero Jacobacci', 62),
(2367, 'Los Menucos', 62),
(2368, 'Maquinchao', 62),
(2369, 'Mina Santa Teresita', 62),
(2370, 'Pilquiniyeu', 62),
(2371, 'Apolinario Saravia', 66),
(2372, 'Ceibalito', 66),
(2373, 'Centro 25 de Junio', 66),
(2374, 'Coronel Mollinedo', 66),
(2375, 'Coronel Olleros', 66),
(2376, 'El Quebrachal', 66),
(2377, 'Gaona', 66),
(2378, 'General Pizarro', 66),
(2379, 'Joaquín V. González', 66),
(2380, 'Las Lajitas', 66),
(2381, 'Luis Burela', 66),
(2382, 'Macapillo', 66),
(2383, 'Nuestra Señora de Talavera', 66),
(2384, 'Piquete Cabado', 66),
(2385, 'Río del Valle', 66),
(2386, 'Tolloche', 66),
(2387, 'Cachi', 66),
(2388, 'Payogasta', 66),
(2389, 'Cafayate', 66),
(2390, 'Tolombón', 66),
(2391, 'Atocha', 66),
(2392, 'La Ciénaga y Barrio San Rafael', 66),
(2393, 'Las Costas', 66),
(2394, 'Salta', 66),
(2395, 'Villa San Lorenzo', 66),
(2396, 'Cerrillos', 66),
(2397, 'Villa Los Álamos - El Congreso - Las Tunas - Los Pinares - Los Olmos', 66),
(2398, 'Barrio Finca La Maroma', 66),
(2399, 'Barrio La Rotonda', 66),
(2400, 'Barrio Santa Teresita', 66),
(2401, 'Chicoana', 66),
(2402, 'El Carril', 66),
(2403, 'Campo Santo', 66),
(2404, 'Cobos', 66),
(2405, 'El Bordo', 66),
(2406, 'General Güemes', 66),
(2407, 'Aguaray', 66),
(2408, 'Campamento Vespucio', 66),
(2409, 'Campichuelo', 66),
(2410, 'Campo Durán', 66),
(2411, 'Capiazuti', 66),
(2412, 'Carboncito', 66),
(2413, 'Coronel Cornejo', 66),
(2414, 'Dragones', 66),
(2415, 'Embarcación', 66),
(2416, 'General Ballivián', 66),
(2417, 'Hickman', 66),
(2418, 'Misión Chaqueña', 66),
(2419, 'Misión El Cruce - El Milagro - El Jardín de San Martín', 66),
(2420, 'Misión Kilómetro 6', 66),
(2421, 'Pacará', 66),
(2422, 'Padre Lozano', 66),
(2423, 'Piquirenda', 66),
(2424, 'Profesor Salvador Mazza', 66),
(2425, 'Tartagal', 66),
(2426, 'Tobantirenda', 66),
(2427, 'Tranquitas', 66),
(2428, 'Yacuy', 66),
(2429, 'Guachipas', 66),
(2430, 'Iruya', 66),
(2431, 'Isla de Cañas', 66),
(2432, 'Pueblo Viejo', 66),
(2433, 'La Caldera', 66),
(2434, 'Vaqueros', 66),
(2435, 'El Jardín', 66),
(2436, 'El Tala', 66),
(2437, 'Cobres', 66),
(2438, 'La Poma', 66),
(2439, 'Ampascachi', 66),
(2440, 'Cabra Corral', 66),
(2441, 'Talapampa', 66),
(2442, 'San Antonio de los Cobres', 66),
(2443, 'Santa Rosa de los Pastos Grandes', 66),
(2444, 'Tolar Grande', 66),
(2445, 'El Galpón', 66),
(2446, 'El Tunal', 66),
(2447, 'Lumbreras', 66),
(2448, 'San José de Metán (Est. Metán)', 66),
(2449, 'Metán Viejo', 66),
(2450, 'Río Piedras', 66),
(2451, 'San José de Orquera', 66),
(2452, 'Molinos', 66),
(2453, 'Seclantás', 66),
(2454, 'Aguas Blancas', 66),
(2455, 'Colonia Santa Rosa', 66),
(2456, 'El Tabacal', 66),
(2457, 'Pichanal', 66),
(2458, 'San Ramón de la Nueva Orán', 66),
(2459, 'Urundel', 66),
(2460, 'Alto de la Sierra', 66),
(2461, 'Capitán Juan Pagé', 66),
(2462, 'Coronel Juan Solá', 66),
(2463, 'Hito 1', 66),
(2464, 'La Unión', 66),
(2465, 'Los Blancos', 66),
(2466, 'Pluma de Pato', 66),
(2467, 'Santa Victoria Este', 66),
(2468, 'Antillá', 66),
(2469, 'Copo Quile', 66),
(2470, 'El Naranjo', 66),
(2471, 'Rosario de la Frontera', 66),
(2472, 'San Felipe', 66),
(2473, 'Campo Quijano', 66),
(2474, 'La Merced del Encón', 66),
(2475, 'La Silleta', 66),
(2476, 'Rosario de Lerma', 66),
(2477, 'Angastaco', 66),
(2478, 'Animaná', 66),
(2479, 'El Barrial', 66),
(2480, 'Acoyte', 66),
(2481, 'Campo La Cruz', 66),
(2482, 'Nazareno', 66),
(2483, 'Poscaya', 66),
(2484, 'Santa Victoria', 66),
(2485, 'Villa General San Martín - Campo Afuera', 70),
(2486, 'Villa El Salvador - Villa Sefair', 70),
(2487, 'Barreal - Villa Pituil', 70),
(2488, 'Calingasta', 70),
(2489, 'Tamberías', 70),
(2490, 'San Juan', 70),
(2491, 'Bermejo', 70),
(2492, 'Barrio Justo P. Castro IV', 70),
(2493, 'Caucete', 70),
(2494, 'Las Talas - Los Médanos', 70),
(2495, 'Marayes', 70),
(2496, 'Pie de Palo', 70),
(2497, 'Vallecito', 70),
(2498, 'Villa Independencia', 70),
(2499, 'Chimbas', 70),
(2500, 'Angualasto', 70),
(2501, 'Iglesia', 70),
(2502, 'Pismanta', 70),
(2503, 'Rodeo', 70),
(2504, 'Tudcum', 70),
(2505, 'El Médano', 70),
(2506, 'Gran China', 70),
(2507, 'Huaco', 70),
(2508, 'Mogna', 70),
(2509, 'Niquivil', 70),
(2510, 'Pampa Vieja', 70),
(2511, 'San José de Jáchal', 70),
(2512, 'Villa Malvinas Argentinas', 70),
(2513, 'Villa Mercedes', 70),
(2514, 'Colonia Fiorito', 70),
(2515, 'Barrio Municipal', 70),
(2516, 'Barrio Ruta 40', 70),
(2517, 'Carpintería', 70),
(2518, 'Las Piedritas', 70),
(2519, 'Quinto Cuartel', 70),
(2520, 'Villa Aberastain - La Rinconada', 70),
(2521, 'Villa Barboza - Villa Nacusi', 70),
(2522, 'Villa Centenario', 70),
(2523, 'Villa Bolaños (Médano de Oro)', 70),
(2524, 'Barrio Sadop - Bella Vista', 70),
(2525, 'Dos Acequias', 70),
(2526, 'Villa del Salvador', 70),
(2527, 'Villa Dominguito', 70),
(2528, 'Villa Don Bosco', 70),
(2529, 'Villa San Martín', 70),
(2530, 'Cañada Honda', 70),
(2531, 'Cienaguita', 70),
(2532, 'Colonia Fiscal', 70),
(2533, 'Divisadero', 70),
(2534, 'Guanacache', 70),
(2535, 'Las Lagunas', 70),
(2536, 'Los Berros', 70),
(2537, 'Punta del Médano', 70),
(2538, 'Villa Media Agua', 70),
(2539, 'Villa Ibáñez', 70),
(2540, 'Astica', 70),
(2541, 'Balde del Rosario', 70),
(2542, 'Chucuma', 70),
(2543, 'Los Baldecitos', 70),
(2544, 'Usno', 70),
(2545, 'Villa San Agustín', 70),
(2546, 'El Encón', 70),
(2547, 'Tupelí', 70),
(2548, 'Villa Borjas - La Chimbera', 70),
(2549, 'Villa El Tango', 70),
(2550, 'Villa Santa Rosa', 70),
(2551, 'Villa Basilio Nievas', 70),
(2552, 'Quines', 74),
(2553, 'San Francisco del Monte de Oro', 74),
(2554, 'Nogolí', 74),
(2555, 'Villa de la Quebrada', 74),
(2556, 'Villa General Roca', 74),
(2557, 'El Trapiche', 74),
(2558, 'Fraga', 74),
(2559, 'La Toma', 74),
(2560, 'Riocito', 74),
(2561, 'Río Grande', 74),
(2562, 'Concarán', 74),
(2563, 'Cortaderas', 74),
(2564, 'Naschel', 74),
(2565, 'Papagayos', 74),
(2566, 'Renca', 74),
(2567, 'Tilisarao', 74),
(2568, 'Villa Larca', 74),
(2569, 'Juan Jorba', 74),
(2570, 'Juan Llerena', 74),
(2571, 'Justo Daract', 74),
(2572, 'La Punilla', 74),
(2573, 'Lavaisse', 74),
(2574, 'Nación Ranquel', 74),
(2575, 'San José del Morro', 74),
(2576, 'Villa Reynolds', 74),
(2577, 'Villa Salles', 74),
(2578, 'Anchorena', 74),
(2579, 'Arizona', 74),
(2580, 'Bagual', 74),
(2581, 'Batavia', 74),
(2582, 'Buena Esperanza', 74),
(2583, 'Fortín El Patria', 74),
(2584, 'Fortuna', 74),
(2585, 'La Maroma', 74),
(2586, 'Los Overos', 74),
(2587, 'Martín de Loyola', 74),
(2588, 'Nahuel Mapá', 74),
(2589, 'Navia', 74),
(2590, 'Nueva Galia', 74),
(2591, 'Unión', 74),
(2592, 'Cerro de Oro', 74),
(2593, 'Lafinur', 74),
(2594, 'Los Cajones', 74),
(2595, 'Santa Rosa del Conlara', 74),
(2596, 'Talita', 74),
(2597, 'Alto Pelado', 74),
(2598, 'Alto Pencoso', 74),
(2599, 'Balde', 74),
(2600, 'Beazley', 74),
(2601, 'Cazador', 74),
(2602, 'Chosmes', 74),
(2603, 'El Volcán', 74),
(2604, 'Jarilla', 74),
(2605, 'Juana Koslay', 74),
(2606, 'La Punta', 74),
(2607, 'Mosmota', 74),
(2608, 'Potrero de los Funes', 74),
(2609, 'Salinas del Bebedero', 74),
(2610, 'San Jerónimo', 74),
(2611, 'San Luis', 74),
(2612, 'Zanjitas', 74),
(2613, 'La Vertiente', 74),
(2614, 'Las Aguadas', 74),
(2615, 'Paso Grande', 74),
(2616, 'Potrerillo', 74),
(2617, 'Villa de Praga', 74),
(2618, 'Comandante Luis Piedrabuena', 78),
(2619, 'Puerto Santa Cruz', 78),
(2620, 'Caleta Olivia', 78),
(2621, 'Cañadón Seco', 78),
(2622, 'Fitz Roy', 78),
(2623, 'Jaramillo', 78),
(2624, 'Koluel Kaike', 78),
(2625, 'Pico Truncado', 78),
(2626, 'Tellier', 78),
(2627, 'El Turbio', 78),
(2628, 'Julia Dufour', 78),
(2629, 'Mina 3', 78),
(2630, 'Río Gallegos', 78),
(2631, 'Rospentek', 78),
(2632, '28 de Noviembre', 78),
(2633, 'Yacimientos Río Turbio', 78),
(2634, 'El Calafate', 78),
(2635, 'El Chaltén', 78),
(2636, 'Tres Lagos', 78),
(2637, 'Los Antiguos', 78),
(2638, 'Perito Moreno', 78),
(2639, 'Puerto San Julián', 78),
(2640, 'Bajo Caracoles', 78),
(2641, 'Gobernador Gregores', 78),
(2642, 'Armstrong', 82),
(2643, 'Bouquet', 82),
(2644, 'Las Parejas', 82),
(2645, 'Las Rosas', 82),
(2646, 'Montes de Oca', 82),
(2647, 'Tortugas', 82),
(2648, 'Arequito', 82),
(2649, 'Arteaga', 82),
(2650, 'Beravebú', 82),
(2651, 'Bigand', 82),
(2652, 'Casilda', 82),
(2653, 'Chabas', 82),
(2654, 'Chañar Ladeado', 82),
(2655, 'Gödeken', 82),
(2656, 'Los Nogales', 82),
(2657, 'Los Quirquinchos', 82),
(2658, 'San José de la Esquina', 82),
(2659, 'Sanford', 82),
(2660, 'Villada', 82),
(2661, 'Aldao', 82),
(2662, 'Angélica', 82),
(2663, 'Ataliva', 82),
(2664, 'Aurelia', 82),
(2665, 'Barrios Acapulco y Veracruz', 82),
(2666, 'Bauer y Sigel', 82),
(2667, 'Bella Italia', 82),
(2668, 'Castellanos', 82),
(2669, 'Colonia Bicha', 82),
(2670, 'Colonia Cello', 82),
(2671, 'Colonia Margarita', 82),
(2672, 'Colonia Raquel', 82),
(2673, 'Coronel Fraga', 82),
(2674, 'Egusquiza', 82),
(2675, 'Esmeralda', 82),
(2676, 'Estación Clucellas', 82),
(2677, 'Estación Saguier', 82),
(2678, 'Eusebia y Carolina', 82),
(2679, 'Eustolia', 82),
(2680, 'Frontera', 82),
(2681, 'Garibaldi', 82),
(2682, 'Humberto Primo', 82),
(2683, 'Josefina', 82),
(2684, 'Lehmann', 82),
(2685, 'María Juana', 82),
(2686, 'Nueva Lehmann', 82),
(2687, 'Plaza Clucellas', 82),
(2688, 'Plaza Saguier', 82),
(2689, 'Presidente Roca', 82),
(2690, 'Pueblo Marini', 82),
(2691, 'Rafaela', 82),
(2692, 'Ramona', 82),
(2693, 'Santa Clara de Saguier', 82),
(2694, 'Sunchales', 82),
(2695, 'Susana', 82),
(2696, 'Tacural', 82),
(2697, 'Vila', 82),
(2698, 'Villa Josefina', 82),
(2699, 'Virginia', 82),
(2700, 'Zenón Pereyra', 82),
(2701, 'Alcorta', 82),
(2702, 'Barrio Arroyo del Medio', 82),
(2703, 'Barrio Mitre', 82),
(2704, 'Bombal', 82),
(2705, 'Cañada Rica', 82),
(2706, 'Cepeda', 82),
(2707, 'Empalme Villa Constitución', 82),
(2708, 'Firmat', 82),
(2709, 'General Gelly', 82),
(2710, 'Godoy', 82),
(2711, 'Juan B. Molina', 82),
(2712, 'Juncal', 82),
(2713, 'La Vanguardia', 82),
(2714, 'Pavón Arriba', 82),
(2715, 'Peyrano', 82),
(2716, 'Rueda', 82),
(2717, 'Sargento Cabral', 82),
(2718, 'Stephenson', 82),
(2719, 'Theobald', 82),
(2720, 'Villa Constitución', 82),
(2721, 'Cayastá', 82),
(2722, 'Los Zapallos', 82),
(2723, 'Saladero Mariano Cabal', 82),
(2724, 'Santa Rosa de Calchines', 82),
(2725, 'Aarón Castellanos', 82),
(2726, 'Amenábar', 82),
(2727, 'Cafferata', 82),
(2728, 'Cañada del Ucle', 82),
(2729, 'Carmen', 82),
(2730, 'Carreras', 82),
(2731, 'Chapuy', 82),
(2732, 'Chovet', 82),
(2733, 'Christophersen', 82),
(2734, 'Diego de Alvear', 82),
(2735, 'Elortondo', 82),
(2736, 'Hughes', 82),
(2737, 'La Chispa', 82),
(2738, 'Labordeboy', 82),
(2739, 'Lazzarino', 82),
(2740, 'Maggiolo', 82),
(2741, 'María Teresa', 82),
(2742, 'Melincué', 82),
(2743, 'Miguel Torres', 82),
(2744, 'Murphy', 82),
(2745, 'Rufino', 82),
(2746, 'San Eduardo', 82),
(2747, 'San Francisco de Santa Fe', 82),
(2748, 'San Gregorio', 82),
(2749, 'Sancti Spiritu', 82),
(2750, 'Teodelina', 82),
(2751, 'Venado Tuerto', 82),
(2752, 'Villa Cañás', 82),
(2753, 'Wheelwright', 82),
(2754, 'Arroyo Ceibal', 82),
(2755, 'Berna', 82),
(2756, 'El Araza', 82),
(2757, 'El Rabón', 82),
(2758, 'Florencia', 82),
(2759, 'Guadalupe Norte', 82),
(2760, 'Ingeniero Chanourdie', 82),
(2761, 'La Isleta', 82),
(2762, 'La Sarita', 82),
(2763, 'Lanteri', 82),
(2764, 'Las Garzas', 82),
(2765, 'Los Laureles', 82),
(2766, 'Malabrigo', 82),
(2767, 'Paraje San Manuel', 82),
(2768, 'Puerto Reconquista', 82),
(2769, 'Reconquista', 82),
(2770, 'San Antonio de Obligado', 82),
(2771, 'Tacuarendí', 82),
(2772, 'Villa Ana', 82),
(2773, 'Villa Guillermina', 82),
(2774, 'Villa Ocampo', 82),
(2775, 'Barrio Cicarelli', 82),
(2776, 'Bustinza', 82),
(2777, 'Cañada de Gómez', 82),
(2778, 'Carrizales', 82),
(2779, 'Classon', 82),
(2780, 'Colonia Médici', 82),
(2781, 'Correa', 82),
(2782, 'Larguía', 82),
(2783, 'Lucio V. López', 82),
(2784, 'Oliveros', 82),
(2785, 'Pueblo Andino', 82),
(2786, 'Salto Grande', 82),
(2787, 'Serodino', 82),
(2788, 'Totoras', 82),
(2789, 'Villa Eloísa', 82),
(2790, 'Villa La Rivera (Oliveros)', 82),
(2791, 'Villa La Rivera (Pueblo Andino)', 82),
(2792, 'Angel Gallardo', 82),
(2793, 'Arroyo Aguiar', 82),
(2794, 'Arroyo Leyes', 82),
(2795, 'Cabal', 82),
(2796, 'Campo Andino', 82),
(2797, 'Candioti', 82),
(2798, 'Emilia', 82),
(2799, 'Laguna Paiva', 82),
(2800, 'Llambi Campbell', 82),
(2801, 'Monte Vera', 82),
(2802, 'Nelson', 82),
(2803, 'Paraje Chaco Chico', 82),
(2804, 'Paraje La Costa', 82),
(2805, 'Rincón Potrero', 82),
(2806, 'San José del Rincón', 82),
(2807, 'Santa Fe', 82),
(2808, 'Sauce Viejo', 82),
(2809, 'Villa Laura', 82),
(2810, 'Cavour', 82),
(2811, 'Cululú', 82),
(2812, 'Elisa', 82),
(2813, 'Empalme San Carlos', 82),
(2814, 'Esperanza', 82),
(2815, 'Felicia', 82),
(2816, 'Franck', 82),
(2817, 'Grutly', 82),
(2818, 'Hipatía', 82),
(2819, 'Humboldt', 82),
(2820, 'Jacinto L. Aráuz', 82),
(2821, 'La Pelada', 82),
(2822, 'María Luisa', 82),
(2823, 'Matilde', 82),
(2824, 'Nuevo Torino', 82),
(2825, 'Plaza Matilde', 82),
(2826, 'Progreso', 82),
(2827, 'Providencia', 82),
(2828, 'Sa Pereyra', 82),
(2829, 'San Carlos Centro', 82),
(2830, 'San Carlos Norte', 82),
(2831, 'San Carlos Sud', 82),
(2832, 'San Jerónimo del Sauce', 82),
(2833, 'San Jerónimo Norte', 82),
(2834, 'San Mariano', 82),
(2835, 'Santa Clara de Buena Vista', 82),
(2836, 'Esteban Rams', 82),
(2837, 'Gato Colorado', 82),
(2838, 'Gregoria Pérez de Denis', 82),
(2839, 'Logroño', 82),
(2840, 'Montefiore', 82),
(2841, 'Pozo Borrado', 82),
(2842, 'Santa Margarita', 82),
(2843, 'Tostado', 82),
(2844, 'Villa Minetti', 82),
(2845, 'Acébal', 82),
(2846, 'Albarellos', 82),
(2847, 'Álvarez', 82),
(2848, 'Arbilla', 82),
(2849, 'Arminda', 82),
(2850, 'Arroyo Seco', 82),
(2851, 'Carmen del Sauce', 82),
(2852, 'Coronel Bogado', 82),
(2853, 'Coronel Rodolfo S. Domínguez', 82),
(2854, 'Cuatro Esquinas', 82),
(2855, 'El Caramelo', 82),
(2856, 'Fighiera', 82),
(2857, 'Funes', 82),
(2858, 'General Lagos', 82),
(2859, 'Granadero Baigorria', 82),
(2860, 'Ibarlucea', 82),
(2861, 'Kilómetro 101', 82),
(2862, 'Los Muchachos - La Alborada', 82),
(2863, 'Monte Flores', 82),
(2864, 'Pérez', 82),
(2865, 'Piñero', 82),
(2866, 'Pueblo Esther', 82),
(2867, 'Pueblo Muñóz', 82),
(2868, 'Pueblo Uranga', 82),
(2869, 'Puerto Arroyo Seco', 82),
(2870, 'Rosario', 82),
(2871, 'Soldini', 82),
(2872, 'Villa Amelia', 82),
(2873, 'Villa del Plata', 82),
(2874, 'Villa Gobernador Gálvez', 82),
(2875, 'Zavalla', 82),
(2876, 'Aguará Grande', 82),
(2877, 'Ambrosetti', 82),
(2878, 'Arrufo', 82),
(2879, 'Balneario La Verde', 82),
(2880, 'Capivara', 82),
(2881, 'Ceres', 82),
(2882, 'Colonia Ana', 82),
(2883, 'Colonia Bossi', 82),
(2884, 'Colonia Rosa', 82),
(2885, 'Constanza', 82),
(2886, 'Curupaytí', 82),
(2887, 'Hersilia', 82),
(2888, 'Huanqueros', 82),
(2889, 'La Cabral', 82),
(2890, 'La Lucila', 82),
(2891, 'La Rubia', 82),
(2892, 'Las Avispas', 82),
(2893, 'Las Palmeras', 82),
(2894, 'Moisés Ville', 82),
(2895, 'Monigotes', 82),
(2896, 'Ñanducita', 82),
(2897, 'Palacios', 82),
(2898, 'San Cristóbal', 82),
(2899, 'San Guillermo', 82),
(2900, 'Santurce', 82),
(2901, 'Soledad', 82),
(2902, 'Suardi', 82),
(2903, 'Villa Saralegui', 82),
(2904, 'Villa Trinidad', 82),
(2905, 'Alejandra', 82),
(2906, 'Cacique Ariacaiquín', 82),
(2907, 'Colonia Durán', 82),
(2908, 'La Brava', 82),
(2909, 'Romang', 82),
(2910, 'Arocena', 82),
(2911, 'Balneario Monje', 82),
(2912, 'Barrio Caima', 82),
(2913, 'Barrio El Pacaá - Barrio Comipini', 82),
(2914, 'Casalegno', 82),
(2915, 'Centeno', 82),
(2916, 'Coronda', 82),
(2917, 'Desvío Arijón', 82),
(2918, 'Díaz', 82),
(2919, 'Gaboto', 82),
(2920, 'Gálvez', 82),
(2921, 'Gessler', 82),
(2922, 'Irigoyen', 82),
(2923, 'Larrechea', 82),
(2924, 'Loma Alta', 82),
(2925, 'Maciel', 82),
(2926, 'Monje', 82),
(2927, 'Puerto Aragón', 82),
(2928, 'San Eugenio', 82),
(2929, 'San Fabián', 82),
(2930, 'San Genaro', 82),
(2931, 'San Genaro Norte', 82),
(2932, 'Angeloni', 82),
(2933, 'Cayastacito', 82),
(2934, 'Colonia Dolores', 82),
(2935, 'Esther', 82),
(2936, 'Gobernador Crespo', 82),
(2937, 'La Penca y Caraguatá', 82),
(2938, 'Marcelino Escalada', 82),
(2939, 'Naré', 82),
(2940, 'Pedro Gómez Cello', 82),
(2941, 'Ramayón', 82),
(2942, 'San Justo', 82),
(2943, 'San Martín Norte', 82),
(2944, 'Silva', 82),
(2945, 'Vera y Pintado', 82),
(2946, 'Videla', 82),
(2947, 'Capitán Bermúdez', 82),
(2948, 'Carcarañá', 82),
(2949, 'Coronel Arnold', 82),
(2950, 'Fuentes', 82),
(2951, 'Luis Palacios', 82),
(2952, 'Puerto General San Martín', 82),
(2953, 'Pujato', 82),
(2954, 'Ricardone', 82),
(2955, 'Roldán', 82),
(2956, 'San Jerónimo Sud', 82),
(2957, 'Timbúes', 82),
(2958, 'Villa Elvira', 82),
(2959, 'Villa Mugueta', 82),
(2960, 'Cañada Rosquín', 82),
(2961, 'Carlos Pellegrini', 82),
(2962, 'Casas', 82),
(2963, 'Castelar', 82),
(2964, 'Colonia Belgrano', 82),
(2965, 'Crispi', 82),
(2966, 'El Trébol', 82),
(2967, 'Landeta', 82),
(2968, 'Las Bandurrias', 82),
(2969, 'Las Petacas', 82),
(2970, 'Los Cardos', 82),
(2971, 'María Susana', 82),
(2972, 'Piamonte', 82),
(2973, 'San Jorge', 82),
(2974, 'San Martín de las Escobas', 82),
(2975, 'Sastre', 82),
(2976, 'Traill', 82),
(2977, 'Wildermuth', 82),
(2978, 'Calchaquí', 82),
(2979, 'Cañada Ombú', 82),
(2980, 'Colmena', 82),
(2981, 'Fortín Olmos', 82),
(2982, 'Garabato', 82),
(2983, 'Golondrina', 82),
(2984, 'Intiyaco', 82),
(2985, 'Kilómetro 115', 82),
(2986, 'La Gallareta', 82),
(2987, 'Los Amores', 82),
(2988, 'Margarita', 82),
(2989, 'Paraje 29', 82),
(2990, 'Pozo de los Indios', 82),
(2991, 'Pueblo Santa Lucía', 82),
(2992, 'Toba', 82),
(2993, 'Vera', 82),
(2994, 'Argentina', 86),
(2995, 'Casares', 86),
(2996, 'Malbrán', 86),
(2997, 'Villa General Mitre', 86),
(2998, 'Campo Gallo', 86),
(2999, 'Coronel Manuel L. Rico', 86),
(3000, 'Donadeu', 86),
(3001, 'Sachayoj', 86),
(3002, 'Santos Lugares', 86),
(3003, 'Estación Atamisqui', 86),
(3004, 'Medellín', 86),
(3005, 'Villa Atamisqui', 86),
(3006, 'Colonia Dora', 86),
(3007, 'Lugones', 86),
(3008, 'Real Sayana', 86),
(3009, 'Villa Mailín', 86),
(3010, 'Abra Grande', 86),
(3011, 'Antajé', 86),
(3012, 'Ardiles', 86),
(3013, 'Cañada Escobar', 86),
(3014, 'Chaupi Pozo', 86),
(3015, 'Clodomira', 86),
(3016, 'Huyamampa', 86),
(3017, 'La Dársena', 86),
(3018, 'Los Quiroga', 86),
(3019, 'Los Soria', 86),
(3020, 'Tramo 16', 86),
(3021, 'Tramo 20', 86),
(3022, 'Bandera', 86),
(3023, 'Cuatro Bocas', 86),
(3024, 'Fortín Inca', 86),
(3025, 'Guardia Escolta', 86),
(3026, 'El Deán', 86),
(3027, 'El Mojón', 86),
(3028, 'El Zanjón', 86),
(3029, 'Los Cardozos', 86),
(3030, 'Maco', 86),
(3031, 'Maquito', 86),
(3032, 'Morales', 86),
(3033, 'Puesto de San Antonio', 86),
(3034, 'Santiago del Estero', 86),
(3035, 'Vuelta de la Barranca', 86),
(3036, 'Yanda', 86),
(3037, 'El Caburé', 86),
(3038, 'La Firmeza', 86),
(3039, 'Los Pirpintos', 86),
(3040, 'Los Tigres', 86),
(3041, 'Monte Quemado', 86),
(3042, 'Nueva Esperanza', 86),
(3043, 'Pampa de los Guanacos', 86),
(3044, 'San José del Boquerón', 86),
(3045, 'Urutaú', 86),
(3046, 'Ancaján', 86),
(3047, 'Estación La Punta', 86),
(3048, 'Frías', 86),
(3049, 'Ciudad Autónoma de Buenos Aires', 2),
(3050, 'Carhué', 6),
(3051, 'Colonia San Miguel Arcángel', 6),
(3052, 'Delfín Huergo', 6),
(3053, 'Esteban Agustín Gascón', 6),
(3054, 'La Pala', 6),
(3055, 'Maza', 6),
(3056, 'Rivera', 6),
(3057, 'Villa Margarita', 6),
(3058, 'Yutuyaco', 6),
(3059, 'Adolfo Gonzales Chaves', 6),
(3060, 'De La Garma', 6),
(3061, 'Juan E. Barra', 6),
(3062, 'Vásquez', 6),
(3063, 'Villa La Punta', 86),
(3064, 'Bandera Bajada', 86),
(3065, 'Caspi Corral', 86),
(3066, 'Colonia San Juan', 86),
(3067, 'El Crucero', 86),
(3068, 'Kilómetro 30', 86),
(3069, 'La Cañada', 86),
(3070, 'La Invernada', 86),
(3071, 'Minerva', 86),
(3072, 'Vaca Huañuna', 86),
(3073, 'Villa Figueroa', 86),
(3074, 'Añatuya', 86),
(3075, 'Averías', 86),
(3076, 'Estación Tacañitas', 86),
(3077, 'La Nena', 86),
(3078, 'Los Juríes', 86),
(3079, 'Tomás Young', 86),
(3080, 'El Arenal', 86),
(3081, 'El Bobadal', 86),
(3082, 'El Charco', 86),
(3083, 'Gramilla', 86),
(3084, 'Lilo Viejo', 86),
(3085, 'Isca Yacu', 86),
(3086, 'Isca Yacu Semaul', 86),
(3087, 'Pozo Hondo', 86),
(3088, 'El Cuadrado', 86),
(3089, 'Matará', 86),
(3090, 'Suncho Corral', 86),
(3091, 'Vilelas', 86),
(3092, 'Yuchán', 86),
(3093, 'Villa San Martín (Est. Loreto)', 86),
(3094, 'Aerolito', 86),
(3095, 'Alhuampa', 86),
(3096, 'Hasse', 86),
(3097, 'Hernán Mejía Miraval', 86),
(3098, 'Las Tinajas', 86),
(3099, 'Patay', 86),
(3100, 'Pueblo Pablo Torelo', 86),
(3101, 'Quimili', 86),
(3102, 'Roversi', 86),
(3103, 'Tintina', 86),
(3104, 'Weisburd', 86),
(3105, 'El 49', 86),
(3106, 'Sol de Julio', 86),
(3107, 'Villa Ojo de Agua', 86),
(3108, 'Las Delicias', 86),
(3109, 'Pozo Betbeder', 86),
(3110, 'Rapelli', 86),
(3111, 'Ramírez de Velazco', 86),
(3112, 'Sumampa', 86),
(3113, 'Sumampa Viejo', 86),
(3114, 'Chañar Pozo de Abajo', 86),
(3115, 'Chauchillas', 86),
(3116, 'Colonia Tinco', 86),
(3117, 'La Nueva Donosa', 86),
(3118, 'Los Miranda', 86),
(3119, 'Los Núñez', 86),
(3120, 'Mansupa', 86),
(3121, 'Pozuelos', 86),
(3122, 'Rodeo de Valdez', 86),
(3123, 'Termas de Río Hondo', 86),
(3124, 'Villa Giménez', 86),
(3125, 'Villa Río Hondo', 86),
(3126, 'Villa Turística del Embalse de Rio Hondo', 86),
(3127, 'Vinará', 86),
(3128, 'Colonia Alpina', 86),
(3129, 'Palo Negro', 86),
(3130, 'Selva', 86),
(3131, 'Beltrán', 86),
(3132, 'Colonia El Simbolar', 86),
(3133, 'Fernández', 86),
(3134, 'Ingeniero Forres', 86),
(3135, 'Vilmer', 86),
(3136, 'Chilca Juliana', 86),
(3137, 'Los Telares', 86),
(3138, 'Villa Salavina', 86),
(3139, 'Brea Pozo', 86),
(3140, 'Estación Robles', 86),
(3141, 'Estación Taboada', 86),
(3142, 'Garza', 86),
(3143, 'Árraga', 86),
(3144, 'Nueva Francia', 86),
(3145, 'Simbol', 86),
(3146, 'Sumamao', 86),
(3147, 'Villa Silípica', 86),
(3148, 'Barrio San Jorge', 90),
(3149, 'El Chañar', 90),
(3150, 'Garmendia', 90),
(3151, 'Macomitas', 90),
(3152, 'Piedrabuena', 90),
(3153, '7 de Abril', 90),
(3154, 'Villa Benjamín Aráoz', 90),
(3155, 'Villa Burruyacú', 90),
(3156, 'Villa Padre Monti', 90),
(3157, 'Alderetes', 90),
(3158, 'Banda del Río Salí', 90),
(3159, 'Colombres', 90),
(3160, 'Colonia Mayo - Barrio La Milagrosa', 90),
(3161, 'Delfín Gallo', 90),
(3162, 'El Bracho', 90),
(3163, 'Las Cejas', 90),
(3164, 'Los Ralos', 90),
(3165, 'Ranchillos', 90),
(3166, 'San Andrés', 90),
(3167, 'Arcadia', 90),
(3168, 'Barrio San Roque', 90),
(3169, 'Iltico', 90),
(3170, 'Medina', 90),
(3171, 'Barrio Casa Rosada', 90),
(3172, 'Campo de Herrera', 90),
(3173, 'Famaillá', 90),
(3174, 'Ingenio Fronterita', 90),
(3175, 'Graneros', 90),
(3176, 'Taco Ralo', 90),
(3177, 'Villa Belgrano', 90),
(3178, 'La Cocha', 90),
(3179, 'San José de La Cocha', 90),
(3180, 'Estación Aráoz', 90),
(3181, 'Los Puestos', 90),
(3182, 'Manuel García Fernández', 90),
(3183, 'Pala Pala', 90),
(3184, 'Santa Rosa de Leales', 90),
(3185, 'Villa Fiad - Ingenio Leales', 90),
(3186, 'Villa de Leales', 90),
(3187, 'Barrio San Felipe', 90),
(3188, 'El Manantial', 90),
(3189, 'Ingenio San Pablo', 90),
(3190, 'La Reducción', 90),
(3191, 'Lules', 90),
(3192, 'Acheral', 90),
(3193, 'Capitán Cáceres', 90),
(3194, 'Monteros', 90),
(3195, 'Pueblo Independencia', 90),
(3196, 'Río Seco', 90),
(3197, 'Sargento Moya', 90),
(3198, 'Soldado Maldonado', 90),
(3199, 'Teniente Berdina', 90),
(3200, 'Villa Quinteros', 90),
(3201, 'Aguilares', 90),
(3202, 'Los Sarmientos', 90),
(3203, 'Villa Clodomiro Hileret', 90),
(3204, 'San Miguel de Tucumán', 90),
(3205, 'Monteagudo', 90),
(3206, 'Nueva Trinidad', 90),
(3207, 'Simoca', 90),
(3208, 'Villa Chicligasta', 90),
(3209, 'Amaicha del Valle', 90),
(3210, 'Colalao del Valle', 90),
(3211, 'El Mollar', 90),
(3212, 'Tafí del Valle', 90),
(3213, 'Barrio El Cruce', 90),
(3214, 'Barrio Lomas de Tafí', 90),
(3215, 'Barrio Mutual San Martín', 90),
(3216, 'Barrio Parada 14', 90),
(3217, 'Barrio U.T.A. II', 90),
(3218, 'Diagonal Norte - Luz y Fuerza - Los Pocitos - Villa Nueva Italia', 90),
(3219, 'El Cadillal', 90),
(3220, 'Tafí Viejo', 90),
(3221, 'Villa Las Flores', 90),
(3222, 'Villa Mariano Moreno - El Colmenar', 90),
(3223, 'Choromoro', 90),
(3224, 'San Pedro de Colalao', 90),
(3225, 'Villa de Trancas', 90),
(3226, 'Barrio San José III', 90),
(3227, 'Villa Carmela', 90),
(3228, 'Yerba Buena - Marcos Paz', 90),
(3229, 'Tolhuin', 94),
(3230, 'Laguna Escondida', 94),
(3231, 'Ushuaia', 94);

-- --------------------------------------------------------

--
-- Estructura de tabla para la tabla `nivel_formacion`
--

CREATE TABLE `nivel_formacion` (
  `idNivel_formacion` int(11) NOT NULL,
  `Nombre` varchar(45) NOT NULL
) ENGINE=InnoDB DEFAULT CHARSET=utf8mb4;

--
-- Volcado de datos para la tabla `nivel_formacion`
--

INSERT INTO `nivel_formacion` (`idNivel_formacion`, `Nombre`) VALUES
(1, 'Primario incompleto'),
(2, 'Primario completo'),
(3, 'Secundario incompleto'),
(4, 'Secundario completo'),
(5, 'Universitario incompleto'),
(6, 'Universitario completo'),
(7, 'Posgrado'),
(8, 'Terciario');

-- --------------------------------------------------------

--
-- Estructura de tabla para la tabla `persona`
--

CREATE TABLE `persona` (
  `idPersona` int(11) NOT NULL,
  `Nombre` varchar(30) NOT NULL,
  `Apellido` varchar(30) NOT NULL,
  `Fecha_Nacimiento` year(4) NOT NULL,
  `Mail` varchar(30) NOT NULL,
  `Teléfono` varchar(30) NOT NULL,
  `profesion` varchar(50) NOT NULL,
  `Foto_perfil` blob DEFAULT NULL,
  `Foto_portada` blob DEFAULT NULL
) ENGINE=InnoDB DEFAULT CHARSET=utf8mb4;

--
-- Volcado de datos para la tabla `persona`
--

INSERT INTO `persona` (`idPersona`, `Nombre`, `Apellido`, `Fecha_Nacimiento`, `Mail`, `Teléfono`, `profesion`, `Foto_perfil`, `Foto_portada`) VALUES
(1, 'Paula', 'Cabrera', 1981, 'paulacabreradoval@hotmail.com', '3434685', '', NULL, NULL),
(2, 'Claudio', 'Rosas Vico', 1987, 'claudio.rosasvico@gmail.com', '3434685339', '', NULL, NULL);

-- --------------------------------------------------------

--
-- Estructura de tabla para la tabla `provincias`
--

CREATE TABLE `provincias` (
  `provincia_id` int(11) NOT NULL,
  `provincia_nombre` varchar(31) DEFAULT NULL
) ENGINE=InnoDB DEFAULT CHARSET=utf8;

--
-- Volcado de datos para la tabla `provincias`
--

INSERT INTO `provincias` (`provincia_id`, `provincia_nombre`) VALUES
(2, 'Ciudad Autónoma de Buenos Aires'),
(6, 'Buenos Aires'),
(10, 'Catamarca'),
(14, 'Córdoba'),
(18, 'Corrientes'),
(22, 'Chaco'),
(26, 'Chubut'),
(30, 'Entre Ríos'),
(34, 'Formosa'),
(38, 'Jujuy'),
(42, 'La Pampa'),
(46, 'La Rioja'),
(50, 'Mendoza'),
(54, 'Misiones'),
(58, 'Neuquén'),
(62, 'Río Negro'),
(66, 'Salta'),
(70, 'San Juan'),
(74, 'San Luis'),
(78, 'Santa Cruz'),
(82, 'Santa Fe'),
(86, 'Santiago del Estero'),
(90, 'Tucumán'),
(94, 'Tierra del Fuego');

-- --------------------------------------------------------

--
-- Estructura de tabla para la tabla `proyectos`
--

CREATE TABLE `proyectos` (
  `id_proyecto` int(11) NOT NULL,
  `titulo_proyecto` varchar(50) NOT NULL,
  `Columna 2` int(11) NOT NULL DEFAULT 0,
  `idPersona` int(11) NOT NULL
) ENGINE=InnoDB DEFAULT CHARSET=utf8mb4;

-- --------------------------------------------------------

--
-- Estructura de tabla para la tabla `usuario`
--

CREATE TABLE `usuario` (
  `id_usuario` int(11) NOT NULL,
  `usuario` varchar(20) NOT NULL,
  `contraseña` varchar(20) NOT NULL,
  `idPersona` int(11) DEFAULT NULL
) ENGINE=InnoDB DEFAULT CHARSET=utf8mb4;

--
-- Volcado de datos para la tabla `usuario`
--

INSERT INTO `usuario` (`id_usuario`, `usuario`, `contraseña`, `idPersona`) VALUES
(1, 'pcabrera', 'pcabrera', NULL),
(2, 'crosasvico', 'crosasvico', NULL);

--
-- Índices para tablas volcadas
--

--
-- Indices de la tabla `domicilio`
--
ALTER TABLE `domicilio`
  ADD PRIMARY KEY (`id_domicilio`),
  ADD KEY `idPersona` (`idPersona`),
  ADD KEY `idLocalidad` (`idLocalidad`);

--
-- Indices de la tabla `experiencia_laboral`
--
ALTER TABLE `experiencia_laboral`
  ADD PRIMARY KEY (`id_laboral`,`idPersona`) USING BTREE,
  ADD KEY `idPersona_laboral` (`idPersona`) USING BTREE;

--
-- Indices de la tabla `formacion`
--
ALTER TABLE `formacion`
  ADD PRIMARY KEY (`id_formacion`,`idPersona`,`idNivelFormacion`) USING BTREE,
  ADD KEY `fk_Estudios_Clase_estudios1` (`idNivelFormacion`) USING BTREE,
  ADD KEY `fk_Estudios_Persona` (`idPersona`) USING BTREE;

--
-- Indices de la tabla `habilidades`
--
ALTER TABLE `habilidades`
  ADD PRIMARY KEY (`id_habiliades`),
  ADD KEY `idPersona` (`idPersona`);

--
-- Indices de la tabla `localidades`
--
ALTER TABLE `localidades`
  ADD PRIMARY KEY (`id_localidad`),
  ADD KEY `provincia_id` (`provincia_id`);

--
-- Indices de la tabla `nivel_formacion`
--
ALTER TABLE `nivel_formacion`
  ADD PRIMARY KEY (`idNivel_formacion`) USING BTREE;

--
-- Indices de la tabla `persona`
--
ALTER TABLE `persona`
  ADD PRIMARY KEY (`idPersona`);

--
-- Indices de la tabla `provincias`
--
ALTER TABLE `provincias`
  ADD PRIMARY KEY (`provincia_id`);

--
-- Indices de la tabla `proyectos`
--
ALTER TABLE `proyectos`
  ADD PRIMARY KEY (`id_proyecto`),
  ADD KEY `idPersona` (`idPersona`) USING BTREE;

--
-- Indices de la tabla `usuario`
--
ALTER TABLE `usuario`
  ADD PRIMARY KEY (`id_usuario`),
  ADD KEY `idPersona_Usuario` (`idPersona`);

--
-- AUTO_INCREMENT de las tablas volcadas
--

--
-- AUTO_INCREMENT de la tabla `domicilio`
--
ALTER TABLE `domicilio`
  MODIFY `id_domicilio` int(11) NOT NULL AUTO_INCREMENT;

--
-- AUTO_INCREMENT de la tabla `experiencia_laboral`
--
ALTER TABLE `experiencia_laboral`
  MODIFY `id_laboral` int(11) NOT NULL AUTO_INCREMENT, AUTO_INCREMENT=6;

--
-- AUTO_INCREMENT de la tabla `formacion`
--
ALTER TABLE `formacion`
  MODIFY `id_formacion` int(11) NOT NULL AUTO_INCREMENT, AUTO_INCREMENT=7;

--
-- AUTO_INCREMENT de la tabla `habilidades`
--
ALTER TABLE `habilidades`
  MODIFY `id_habiliades` int(11) NOT NULL AUTO_INCREMENT;

--
-- AUTO_INCREMENT de la tabla `nivel_formacion`
--
ALTER TABLE `nivel_formacion`
  MODIFY `idNivel_formacion` int(11) NOT NULL AUTO_INCREMENT, AUTO_INCREMENT=9;

--
-- AUTO_INCREMENT de la tabla `persona`
--
ALTER TABLE `persona`
  MODIFY `idPersona` int(11) NOT NULL AUTO_INCREMENT, AUTO_INCREMENT=3;

--
-- AUTO_INCREMENT de la tabla `proyectos`
--
ALTER TABLE `proyectos`
  MODIFY `id_proyecto` int(11) NOT NULL AUTO_INCREMENT;

--
-- AUTO_INCREMENT de la tabla `usuario`
--
ALTER TABLE `usuario`
  MODIFY `id_usuario` int(11) NOT NULL AUTO_INCREMENT, AUTO_INCREMENT=3;

--
-- Restricciones para tablas volcadas
--

--
-- Filtros para la tabla `domicilio`
--
ALTER TABLE `domicilio`
  ADD CONSTRAINT `idLocalidad` FOREIGN KEY (`idLocalidad`) REFERENCES `localidades` (`id_localidad`) ON DELETE NO ACTION ON UPDATE NO ACTION,
  ADD CONSTRAINT `idPersona_domicilio` FOREIGN KEY (`idPersona`) REFERENCES `persona` (`idPersona`) ON DELETE NO ACTION ON UPDATE NO ACTION;

--
-- Filtros para la tabla `experiencia_laboral`
--
ALTER TABLE `experiencia_laboral`
  ADD CONSTRAINT `idPersona_laboral` FOREIGN KEY (`idPersona`) REFERENCES `persona` (`idPersona`) ON DELETE NO ACTION ON UPDATE NO ACTION;

--
-- Filtros para la tabla `formacion`
--
ALTER TABLE `formacion`
  ADD CONSTRAINT `idNivelFormacion` FOREIGN KEY (`idNivelFormacion`) REFERENCES `nivel_formacion` (`idNivel_formacion`) ON DELETE NO ACTION ON UPDATE NO ACTION,
  ADD CONSTRAINT `idPersona_formacion` FOREIGN KEY (`idPersona`) REFERENCES `persona` (`idPersona`) ON DELETE NO ACTION ON UPDATE NO ACTION;

--
-- Filtros para la tabla `habilidades`
--
ALTER TABLE `habilidades`
  ADD CONSTRAINT `idPersona_habilidades` FOREIGN KEY (`idPersona`) REFERENCES `persona` (`idPersona`) ON DELETE NO ACTION ON UPDATE NO ACTION;

--
-- Filtros para la tabla `localidades`
--
ALTER TABLE `localidades`
  ADD CONSTRAINT `FK_localidades2_provincias2` FOREIGN KEY (`provincia_id`) REFERENCES `provincias` (`provincia_id`) ON DELETE NO ACTION ON UPDATE NO ACTION;

--
-- Filtros para la tabla `proyectos`
--
ALTER TABLE `proyectos`
  ADD CONSTRAINT `idPersona_proyecto` FOREIGN KEY (`idPersona`) REFERENCES `persona` (`idPersona`) ON DELETE NO ACTION ON UPDATE NO ACTION;

--
-- Filtros para la tabla `usuario`
--
ALTER TABLE `usuario`
  ADD CONSTRAINT `idPersona_Usuario` FOREIGN KEY (`idPersona`) REFERENCES `persona` (`idPersona`) ON DELETE NO ACTION ON UPDATE NO ACTION;
COMMIT;

/*!40101 SET CHARACTER_SET_CLIENT=@OLD_CHARACTER_SET_CLIENT */;
/*!40101 SET CHARACTER_SET_RESULTS=@OLD_CHARACTER_SET_RESULTS */;
/*!40101 SET COLLATION_CONNECTION=@OLD_COLLATION_CONNECTION */;
